expid,keyname,itemname,pic_dir
beA3o82D,all,AbsoluteEosinophilCount,shap_plots_all_rowna0.5_k100_top25_beA3o82D/AbsoluteEosinophilCount_all.png
43KOTlpS,all,AbsoluteEosinophilCount,shap_plots_all_rowna0.5_k100_top25_43KOTlpS/AbsoluteEosinophilCount_all.png
lKesaFNR,all,AbsoluteEosinophilCount,shap_plots_all_rowna0.5_k100_top25_lKesaFNR/AbsoluteEosinophilCount_all.png
beA3o82D,0-2,AbsoluteEosinophilCount,shap_plots_0-2_rowna0.3_k100_top25_beA3o82D/AbsoluteEosinophilCount_0-2.png
43KOTlpS,0-2,AbsoluteEosinophilCount,shap_plots_0-2_rowna0.3_k100_top25_43KOTlpS/AbsoluteEosinophilCount_0-2.png
lKesaFNR,0-2,AbsoluteEosinophilCount,shap_plots_0-2_rowna0.3_k100_top25_lKesaFNR/AbsoluteEosinophilCount_0-2.png
beA3o82D,2-6,AbsoluteEosinophilCount,shap_plots_2-6_rowna0.3_k100_top25_beA3o82D/AbsoluteEosinophilCount_2-6.png
43KOTlpS,2-6,AbsoluteEosinophilCount,shap_plots_2-6_rowna0.3_k100_top25_43KOTlpS/AbsoluteEosinophilCount_2-6.png
lKesaFNR,2-6,AbsoluteEosinophilCount,shap_plots_2-6_rowna0.3_k100_top25_lKesaFNR/AbsoluteEosinophilCount_2-6.png
beA3o82D,6-12,AbsoluteEosinophilCount,shap_plots_6-12_rowna0.3_k100_top25_beA3o82D/AbsoluteEosinophilCount_6-12.png
43KOTlpS,6-12,AbsoluteEosinophilCount,shap_plots_6-12_rowna0.3_k100_top25_43KOTlpS/AbsoluteEosinophilCount_6-12.png
lKesaFNR,6-12,AbsoluteEosinophilCount,shap_plots_6-12_rowna0.3_k100_top25_lKesaFNR/AbsoluteEosinophilCount_6-12.png
beA3o82D,6+,AbsoluteEosinophilCount,shap_plots_6+_rowna0.5_k100_top25_beA3o82D/AbsoluteEosinophilCount_6+.png
43KOTlpS,6+,AbsoluteEosinophilCount,shap_plots_6+_rowna0.5_k100_top25_43KOTlpS/AbsoluteEosinophilCount_6+.png
lKesaFNR,6+,AbsoluteEosinophilCount,shap_plots_6+_rowna0.5_k100_top25_lKesaFNR/AbsoluteEosinophilCount_6+.png
beA3o82D,12+,AbsoluteEosinophilCount,shap_plots_12+_rowna0.5_k100_top25_beA3o82D/AbsoluteEosinophilCount_12+.png
43KOTlpS,12+,AbsoluteEosinophilCount,shap_plots_12+_rowna0.5_k100_top25_43KOTlpS/AbsoluteEosinophilCount_12+.png
lKesaFNR,12+,AbsoluteEosinophilCount,shap_plots_12+_rowna0.5_k100_top25_lKesaFNR/AbsoluteEosinophilCount_12+.png
beA3o82D,all,AbsoluteLymphocyteCount,shap_plots_all_rowna0.5_k100_top25_beA3o82D/AbsoluteLymphocyteCount_all.png
43KOTlpS,all,AbsoluteLymphocyteCount,shap_plots_all_rowna0.5_k100_top25_43KOTlpS/AbsoluteLymphocyteCount_all.png
lKesaFNR,all,AbsoluteLymphocyteCount,shap_plots_all_rowna0.5_k100_top25_lKesaFNR/AbsoluteLymphocyteCount_all.png
beA3o82D,0-2,AbsoluteLymphocyteCount,shap_plots_0-2_rowna0.3_k100_top25_beA3o82D/AbsoluteLymphocyteCount_0-2.png
43KOTlpS,0-2,AbsoluteLymphocyteCount,shap_plots_0-2_rowna0.3_k100_top25_43KOTlpS/AbsoluteLymphocyteCount_0-2.png
lKesaFNR,0-2,AbsoluteLymphocyteCount,shap_plots_0-2_rowna0.3_k100_top25_lKesaFNR/AbsoluteLymphocyteCount_0-2.png
beA3o82D,2-6,AbsoluteLymphocyteCount,shap_plots_2-6_rowna0.3_k100_top25_beA3o82D/AbsoluteLymphocyteCount_2-6.png
43KOTlpS,2-6,AbsoluteLymphocyteCount,shap_plots_2-6_rowna0.3_k100_top25_43KOTlpS/AbsoluteLymphocyteCount_2-6.png
lKesaFNR,2-6,AbsoluteLymphocyteCount,shap_plots_2-6_rowna0.3_k100_top25_lKesaFNR/AbsoluteLymphocyteCount_2-6.png
beA3o82D,6-12,AbsoluteLymphocyteCount,shap_plots_6-12_rowna0.3_k100_top25_beA3o82D/AbsoluteLymphocyteCount_6-12.png
43KOTlpS,6-12,AbsoluteLymphocyteCount,shap_plots_6-12_rowna0.3_k100_top25_43KOTlpS/AbsoluteLymphocyteCount_6-12.png
lKesaFNR,6-12,AbsoluteLymphocyteCount,shap_plots_6-12_rowna0.3_k100_top25_lKesaFNR/AbsoluteLymphocyteCount_6-12.png
beA3o82D,6+,AbsoluteLymphocyteCount,shap_plots_6+_rowna0.5_k100_top25_beA3o82D/AbsoluteLymphocyteCount_6+.png
43KOTlpS,6+,AbsoluteLymphocyteCount,shap_plots_6+_rowna0.5_k100_top25_43KOTlpS/AbsoluteLymphocyteCount_6+.png
lKesaFNR,6+,AbsoluteLymphocyteCount,shap_plots_6+_rowna0.5_k100_top25_lKesaFNR/AbsoluteLymphocyteCount_6+.png
beA3o82D,12+,AbsoluteLymphocyteCount,shap_plots_12+_rowna0.5_k100_top25_beA3o82D/AbsoluteLymphocyteCount_12+.png
43KOTlpS,12+,AbsoluteLymphocyteCount,shap_plots_12+_rowna0.5_k100_top25_43KOTlpS/AbsoluteLymphocyteCount_12+.png
lKesaFNR,12+,AbsoluteLymphocyteCount,shap_plots_12+_rowna0.5_k100_top25_lKesaFNR/AbsoluteLymphocyteCount_12+.png
beA3o82D,all,AntiJo1,shap_plots_all_rowna0.5_k100_top25_beA3o82D/AntiJo1_all.png
43KOTlpS,all,AntiJo1,shap_plots_all_rowna0.5_k100_top25_43KOTlpS/AntiJo1_all.png
lKesaFNR,all,AntiJo1,shap_plots_all_rowna0.5_k100_top25_lKesaFNR/AntiJo1_all.png
beA3o82D,0-2,AntiJo1,shap_plots_0-2_rowna0.3_k100_top25_beA3o82D/AntiJo1_0-2.png
43KOTlpS,0-2,AntiJo1,shap_plots_0-2_rowna0.3_k100_top25_43KOTlpS/AntiJo1_0-2.png
lKesaFNR,0-2,AntiJo1,shap_plots_0-2_rowna0.3_k100_top25_lKesaFNR/AntiJo1_0-2.png
beA3o82D,2-6,AntiJo1,shap_plots_2-6_rowna0.3_k100_top25_beA3o82D/AntiJo1_2-6.png
43KOTlpS,2-6,AntiJo1,shap_plots_2-6_rowna0.3_k100_top25_43KOTlpS/AntiJo1_2-6.png
lKesaFNR,2-6,AntiJo1,shap_plots_2-6_rowna0.3_k100_top25_lKesaFNR/AntiJo1_2-6.png
beA3o82D,6-12,AntiJo1,shap_plots_6-12_rowna0.3_k100_top25_beA3o82D/AntiJo1_6-12.png
43KOTlpS,6-12,AntiJo1,shap_plots_6-12_rowna0.3_k100_top25_43KOTlpS/AntiJo1_6-12.png
lKesaFNR,6-12,AntiJo1,shap_plots_6-12_rowna0.3_k100_top25_lKesaFNR/AntiJo1_6-12.png
beA3o82D,6+,AntiJo1,shap_plots_6+_rowna0.5_k100_top25_beA3o82D/AntiJo1_6+.png
43KOTlpS,6+,AntiJo1,shap_plots_6+_rowna0.5_k100_top25_43KOTlpS/AntiJo1_6+.png
lKesaFNR,6+,AntiJo1,shap_plots_6+_rowna0.5_k100_top25_lKesaFNR/AntiJo1_6+.png
beA3o82D,12+,AntiJo1,shap_plots_12+_rowna0.5_k100_top25_beA3o82D/AntiJo1_12+.png
43KOTlpS,12+,AntiJo1,shap_plots_12+_rowna0.5_k100_top25_43KOTlpS/AntiJo1_12+.png
lKesaFNR,12+,AntiJo1,shap_plots_12+_rowna0.5_k100_top25_lKesaFNR/AntiJo1_12+.png
beA3o82D,all,AntiSSA,shap_plots_all_rowna0.5_k100_top25_beA3o82D/AntiSSA_all.png
43KOTlpS,all,AntiSSA,shap_plots_all_rowna0.5_k100_top25_43KOTlpS/AntiSSA_all.png
lKesaFNR,all,AntiSSA,shap_plots_all_rowna0.5_k100_top25_lKesaFNR/AntiSSA_all.png
beA3o82D,0-2,AntiSSA,shap_plots_0-2_rowna0.3_k100_top25_beA3o82D/AntiSSA_0-2.png
43KOTlpS,0-2,AntiSSA,shap_plots_0-2_rowna0.3_k100_top25_43KOTlpS/AntiSSA_0-2.png
lKesaFNR,0-2,AntiSSA,shap_plots_0-2_rowna0.3_k100_top25_lKesaFNR/AntiSSA_0-2.png
beA3o82D,2-6,AntiSSA,shap_plots_2-6_rowna0.3_k100_top25_beA3o82D/AntiSSA_2-6.png
43KOTlpS,2-6,AntiSSA,shap_plots_2-6_rowna0.3_k100_top25_43KOTlpS/AntiSSA_2-6.png
lKesaFNR,2-6,AntiSSA,shap_plots_2-6_rowna0.3_k100_top25_lKesaFNR/AntiSSA_2-6.png
beA3o82D,6-12,AntiSSA,shap_plots_6-12_rowna0.3_k100_top25_beA3o82D/AntiSSA_6-12.png
43KOTlpS,6-12,AntiSSA,shap_plots_6-12_rowna0.3_k100_top25_43KOTlpS/AntiSSA_6-12.png
lKesaFNR,6-12,AntiSSA,shap_plots_6-12_rowna0.3_k100_top25_lKesaFNR/AntiSSA_6-12.png
beA3o82D,6+,AntiSSA,shap_plots_6+_rowna0.5_k100_top25_beA3o82D/AntiSSA_6+.png
43KOTlpS,6+,AntiSSA,shap_plots_6+_rowna0.5_k100_top25_43KOTlpS/AntiSSA_6+.png
lKesaFNR,6+,AntiSSA,shap_plots_6+_rowna0.5_k100_top25_lKesaFNR/AntiSSA_6+.png
beA3o82D,12+,AntiSSA,shap_plots_12+_rowna0.5_k100_top25_beA3o82D/AntiSSA_12+.png
43KOTlpS,12+,AntiSSA,shap_plots_12+_rowna0.5_k100_top25_43KOTlpS/AntiSSA_12+.png
lKesaFNR,12+,AntiSSA,shap_plots_12+_rowna0.5_k100_top25_lKesaFNR/AntiSSA_12+.png
beA3o82D,all,BasophilsPercentage,shap_plots_all_rowna0.5_k100_top25_beA3o82D/BasophilsPercentage_all.png
43KOTlpS,all,BasophilsPercentage,shap_plots_all_rowna0.5_k100_top25_43KOTlpS/BasophilsPercentage_all.png
lKesaFNR,all,BasophilsPercentage,shap_plots_all_rowna0.5_k100_top25_lKesaFNR/BasophilsPercentage_all.png
beA3o82D,0-2,BasophilsPercentage,shap_plots_0-2_rowna0.3_k100_top25_beA3o82D/BasophilsPercentage_0-2.png
43KOTlpS,0-2,BasophilsPercentage,shap_plots_0-2_rowna0.3_k100_top25_43KOTlpS/BasophilsPercentage_0-2.png
lKesaFNR,0-2,BasophilsPercentage,shap_plots_0-2_rowna0.3_k100_top25_lKesaFNR/BasophilsPercentage_0-2.png
beA3o82D,2-6,BasophilsPercentage,shap_plots_2-6_rowna0.3_k100_top25_beA3o82D/BasophilsPercentage_2-6.png
43KOTlpS,2-6,BasophilsPercentage,shap_plots_2-6_rowna0.3_k100_top25_43KOTlpS/BasophilsPercentage_2-6.png
lKesaFNR,2-6,BasophilsPercentage,shap_plots_2-6_rowna0.3_k100_top25_lKesaFNR/BasophilsPercentage_2-6.png
beA3o82D,6-12,BasophilsPercentage,shap_plots_6-12_rowna0.3_k100_top25_beA3o82D/BasophilsPercentage_6-12.png
43KOTlpS,6-12,BasophilsPercentage,shap_plots_6-12_rowna0.3_k100_top25_43KOTlpS/BasophilsPercentage_6-12.png
lKesaFNR,6-12,BasophilsPercentage,shap_plots_6-12_rowna0.3_k100_top25_lKesaFNR/BasophilsPercentage_6-12.png
beA3o82D,6+,BasophilsPercentage,shap_plots_6+_rowna0.5_k100_top25_beA3o82D/BasophilsPercentage_6+.png
43KOTlpS,6+,BasophilsPercentage,shap_plots_6+_rowna0.5_k100_top25_43KOTlpS/BasophilsPercentage_6+.png
lKesaFNR,6+,BasophilsPercentage,shap_plots_6+_rowna0.5_k100_top25_lKesaFNR/BasophilsPercentage_6+.png
beA3o82D,12+,BasophilsPercentage,shap_plots_12+_rowna0.5_k100_top25_beA3o82D/BasophilsPercentage_12+.png
43KOTlpS,12+,BasophilsPercentage,shap_plots_12+_rowna0.5_k100_top25_43KOTlpS/BasophilsPercentage_12+.png
lKesaFNR,12+,BasophilsPercentage,shap_plots_12+_rowna0.5_k100_top25_lKesaFNR/BasophilsPercentage_12+.png
beA3o82D,all,CReactiveProtein,shap_plots_all_rowna0.5_k100_top25_beA3o82D/CReactiveProtein_all.png
43KOTlpS,all,CReactiveProtein,shap_plots_all_rowna0.5_k100_top25_43KOTlpS/CReactiveProtein_all.png
lKesaFNR,all,CReactiveProtein,shap_plots_all_rowna0.5_k100_top25_lKesaFNR/CReactiveProtein_all.png
beA3o82D,0-2,CReactiveProtein,shap_plots_0-2_rowna0.3_k100_top25_beA3o82D/CReactiveProtein_0-2.png
43KOTlpS,0-2,CReactiveProtein,shap_plots_0-2_rowna0.3_k100_top25_43KOTlpS/CReactiveProtein_0-2.png
lKesaFNR,0-2,CReactiveProtein,shap_plots_0-2_rowna0.3_k100_top25_lKesaFNR/CReactiveProtein_0-2.png
beA3o82D,2-6,CReactiveProtein,shap_plots_2-6_rowna0.3_k100_top25_beA3o82D/CReactiveProtein_2-6.png
43KOTlpS,2-6,CReactiveProtein,shap_plots_2-6_rowna0.3_k100_top25_43KOTlpS/CReactiveProtein_2-6.png
lKesaFNR,2-6,CReactiveProtein,shap_plots_2-6_rowna0.3_k100_top25_lKesaFNR/CReactiveProtein_2-6.png
beA3o82D,6-12,CReactiveProtein,shap_plots_6-12_rowna0.3_k100_top25_beA3o82D/CReactiveProtein_6-12.png
43KOTlpS,6-12,CReactiveProtein,shap_plots_6-12_rowna0.3_k100_top25_43KOTlpS/CReactiveProtein_6-12.png
lKesaFNR,6-12,CReactiveProtein,shap_plots_6-12_rowna0.3_k100_top25_lKesaFNR/CReactiveProtein_6-12.png
beA3o82D,6+,CReactiveProtein,shap_plots_6+_rowna0.5_k100_top25_beA3o82D/CReactiveProtein_6+.png
43KOTlpS,6+,CReactiveProtein,shap_plots_6+_rowna0.5_k100_top25_43KOTlpS/CReactiveProtein_6+.png
lKesaFNR,6+,CReactiveProtein,shap_plots_6+_rowna0.5_k100_top25_lKesaFNR/CReactiveProtein_6+.png
beA3o82D,12+,CReactiveProtein,shap_plots_12+_rowna0.5_k100_top25_beA3o82D/CReactiveProtein_12+.png
43KOTlpS,12+,CReactiveProtein,shap_plots_12+_rowna0.5_k100_top25_43KOTlpS/CReactiveProtein_12+.png
lKesaFNR,12+,CReactiveProtein,shap_plots_12+_rowna0.5_k100_top25_lKesaFNR/CReactiveProtein_12+.png
beA3o82D,all,EosinophilCountAbsolute,shap_plots_all_rowna0.5_k100_top25_beA3o82D/EosinophilCountAbsolute_all.png
43KOTlpS,all,EosinophilCountAbsolute,shap_plots_all_rowna0.5_k100_top25_43KOTlpS/EosinophilCountAbsolute_all.png
lKesaFNR,all,EosinophilCountAbsolute,shap_plots_all_rowna0.5_k100_top25_lKesaFNR/EosinophilCountAbsolute_all.png
beA3o82D,0-2,EosinophilCountAbsolute,shap_plots_0-2_rowna0.3_k100_top25_beA3o82D/EosinophilCountAbsolute_0-2.png
43KOTlpS,0-2,EosinophilCountAbsolute,shap_plots_0-2_rowna0.3_k100_top25_43KOTlpS/EosinophilCountAbsolute_0-2.png
lKesaFNR,0-2,EosinophilCountAbsolute,shap_plots_0-2_rowna0.3_k100_top25_lKesaFNR/EosinophilCountAbsolute_0-2.png
beA3o82D,2-6,EosinophilCountAbsolute,shap_plots_2-6_rowna0.3_k100_top25_beA3o82D/EosinophilCountAbsolute_2-6.png
43KOTlpS,2-6,EosinophilCountAbsolute,shap_plots_2-6_rowna0.3_k100_top25_43KOTlpS/EosinophilCountAbsolute_2-6.png
lKesaFNR,2-6,EosinophilCountAbsolute,shap_plots_2-6_rowna0.3_k100_top25_lKesaFNR/EosinophilCountAbsolute_2-6.png
beA3o82D,6-12,EosinophilCountAbsolute,shap_plots_6-12_rowna0.3_k100_top25_beA3o82D/EosinophilCountAbsolute_6-12.png
43KOTlpS,6-12,EosinophilCountAbsolute,shap_plots_6-12_rowna0.3_k100_top25_43KOTlpS/EosinophilCountAbsolute_6-12.png
lKesaFNR,6-12,EosinophilCountAbsolute,shap_plots_6-12_rowna0.3_k100_top25_lKesaFNR/EosinophilCountAbsolute_6-12.png
beA3o82D,6+,EosinophilCountAbsolute,shap_plots_6+_rowna0.5_k100_top25_beA3o82D/EosinophilCountAbsolute_6+.png
43KOTlpS,6+,EosinophilCountAbsolute,shap_plots_6+_rowna0.5_k100_top25_43KOTlpS/EosinophilCountAbsolute_6+.png
lKesaFNR,6+,EosinophilCountAbsolute,shap_plots_6+_rowna0.5_k100_top25_lKesaFNR/EosinophilCountAbsolute_6+.png
beA3o82D,12+,EosinophilCountAbsolute,shap_plots_12+_rowna0.5_k100_top25_beA3o82D/EosinophilCountAbsolute_12+.png
43KOTlpS,12+,EosinophilCountAbsolute,shap_plots_12+_rowna0.5_k100_top25_43KOTlpS/EosinophilCountAbsolute_12+.png
lKesaFNR,12+,EosinophilCountAbsolute,shap_plots_12+_rowna0.5_k100_top25_lKesaFNR/EosinophilCountAbsolute_12+.png
beA3o82D,all,EosinophilsPercentage,shap_plots_all_rowna0.5_k100_top25_beA3o82D/EosinophilsPercentage_all.png
43KOTlpS,all,EosinophilsPercentage,shap_plots_all_rowna0.5_k100_top25_43KOTlpS/EosinophilsPercentage_all.png
lKesaFNR,all,EosinophilsPercentage,shap_plots_all_rowna0.5_k100_top25_lKesaFNR/EosinophilsPercentage_all.png
beA3o82D,0-2,EosinophilsPercentage,shap_plots_0-2_rowna0.3_k100_top25_beA3o82D/EosinophilsPercentage_0-2.png
43KOTlpS,0-2,EosinophilsPercentage,shap_plots_0-2_rowna0.3_k100_top25_43KOTlpS/EosinophilsPercentage_0-2.png
lKesaFNR,0-2,EosinophilsPercentage,shap_plots_0-2_rowna0.3_k100_top25_lKesaFNR/EosinophilsPercentage_0-2.png
beA3o82D,2-6,EosinophilsPercentage,shap_plots_2-6_rowna0.3_k100_top25_beA3o82D/EosinophilsPercentage_2-6.png
43KOTlpS,2-6,EosinophilsPercentage,shap_plots_2-6_rowna0.3_k100_top25_43KOTlpS/EosinophilsPercentage_2-6.png
lKesaFNR,2-6,EosinophilsPercentage,shap_plots_2-6_rowna0.3_k100_top25_lKesaFNR/EosinophilsPercentage_2-6.png
beA3o82D,6-12,EosinophilsPercentage,shap_plots_6-12_rowna0.3_k100_top25_beA3o82D/EosinophilsPercentage_6-12.png
43KOTlpS,6-12,EosinophilsPercentage,shap_plots_6-12_rowna0.3_k100_top25_43KOTlpS/EosinophilsPercentage_6-12.png
lKesaFNR,6-12,EosinophilsPercentage,shap_plots_6-12_rowna0.3_k100_top25_lKesaFNR/EosinophilsPercentage_6-12.png
beA3o82D,6+,EosinophilsPercentage,shap_plots_6+_rowna0.5_k100_top25_beA3o82D/EosinophilsPercentage_6+.png
43KOTlpS,6+,EosinophilsPercentage,shap_plots_6+_rowna0.5_k100_top25_43KOTlpS/EosinophilsPercentage_6+.png
lKesaFNR,6+,EosinophilsPercentage,shap_plots_6+_rowna0.5_k100_top25_lKesaFNR/EosinophilsPercentage_6+.png
beA3o82D,12+,EosinophilsPercentage,shap_plots_12+_rowna0.5_k100_top25_beA3o82D/EosinophilsPercentage_12+.png
43KOTlpS,12+,EosinophilsPercentage,shap_plots_12+_rowna0.5_k100_top25_43KOTlpS/EosinophilsPercentage_12+.png
lKesaFNR,12+,EosinophilsPercentage,shap_plots_12+_rowna0.5_k100_top25_lKesaFNR/EosinophilsPercentage_12+.png
beA3o82D,all,FreeThyroxine,shap_plots_all_rowna0.5_k100_top25_beA3o82D/FreeThyroxine_all.png
43KOTlpS,all,FreeThyroxine,shap_plots_all_rowna0.5_k100_top25_43KOTlpS/FreeThyroxine_all.png
lKesaFNR,all,FreeThyroxine,shap_plots_all_rowna0.5_k100_top25_lKesaFNR/FreeThyroxine_all.png
beA3o82D,0-2,FreeThyroxine,shap_plots_0-2_rowna0.3_k100_top25_beA3o82D/FreeThyroxine_0-2.png
43KOTlpS,0-2,FreeThyroxine,shap_plots_0-2_rowna0.3_k100_top25_43KOTlpS/FreeThyroxine_0-2.png
lKesaFNR,0-2,FreeThyroxine,shap_plots_0-2_rowna0.3_k100_top25_lKesaFNR/FreeThyroxine_0-2.png
beA3o82D,2-6,FreeThyroxine,shap_plots_2-6_rowna0.3_k100_top25_beA3o82D/FreeThyroxine_2-6.png
43KOTlpS,2-6,FreeThyroxine,shap_plots_2-6_rowna0.3_k100_top25_43KOTlpS/FreeThyroxine_2-6.png
lKesaFNR,2-6,FreeThyroxine,shap_plots_2-6_rowna0.3_k100_top25_lKesaFNR/FreeThyroxine_2-6.png
beA3o82D,6-12,FreeThyroxine,shap_plots_6-12_rowna0.3_k100_top25_beA3o82D/FreeThyroxine_6-12.png
43KOTlpS,6-12,FreeThyroxine,shap_plots_6-12_rowna0.3_k100_top25_43KOTlpS/FreeThyroxine_6-12.png
lKesaFNR,6-12,FreeThyroxine,shap_plots_6-12_rowna0.3_k100_top25_lKesaFNR/FreeThyroxine_6-12.png
beA3o82D,6+,FreeThyroxine,shap_plots_6+_rowna0.5_k100_top25_beA3o82D/FreeThyroxine_6+.png
43KOTlpS,6+,FreeThyroxine,shap_plots_6+_rowna0.5_k100_top25_43KOTlpS/FreeThyroxine_6+.png
lKesaFNR,6+,FreeThyroxine,shap_plots_6+_rowna0.5_k100_top25_lKesaFNR/FreeThyroxine_6+.png
beA3o82D,12+,FreeThyroxine,shap_plots_12+_rowna0.5_k100_top25_beA3o82D/FreeThyroxine_12+.png
43KOTlpS,12+,FreeThyroxine,shap_plots_12+_rowna0.5_k100_top25_43KOTlpS/FreeThyroxine_12+.png
lKesaFNR,12+,FreeThyroxine,shap_plots_12+_rowna0.5_k100_top25_lKesaFNR/FreeThyroxine_12+.png
beA3o82D,all,Hemoglobin,shap_plots_all_rowna0.5_k100_top25_beA3o82D/Hemoglobin_all.png
43KOTlpS,all,Hemoglobin,shap_plots_all_rowna0.5_k100_top25_43KOTlpS/Hemoglobin_all.png
lKesaFNR,all,Hemoglobin,shap_plots_all_rowna0.5_k100_top25_lKesaFNR/Hemoglobin_all.png
beA3o82D,0-2,Hemoglobin,shap_plots_0-2_rowna0.3_k100_top25_beA3o82D/Hemoglobin_0-2.png
43KOTlpS,0-2,Hemoglobin,shap_plots_0-2_rowna0.3_k100_top25_43KOTlpS/Hemoglobin_0-2.png
lKesaFNR,0-2,Hemoglobin,shap_plots_0-2_rowna0.3_k100_top25_lKesaFNR/Hemoglobin_0-2.png
beA3o82D,2-6,Hemoglobin,shap_plots_2-6_rowna0.3_k100_top25_beA3o82D/Hemoglobin_2-6.png
43KOTlpS,2-6,Hemoglobin,shap_plots_2-6_rowna0.3_k100_top25_43KOTlpS/Hemoglobin_2-6.png
lKesaFNR,2-6,Hemoglobin,shap_plots_2-6_rowna0.3_k100_top25_lKesaFNR/Hemoglobin_2-6.png
beA3o82D,6-12,Hemoglobin,shap_plots_6-12_rowna0.3_k100_top25_beA3o82D/Hemoglobin_6-12.png
43KOTlpS,6-12,Hemoglobin,shap_plots_6-12_rowna0.3_k100_top25_43KOTlpS/Hemoglobin_6-12.png
lKesaFNR,6-12,Hemoglobin,shap_plots_6-12_rowna0.3_k100_top25_lKesaFNR/Hemoglobin_6-12.png
beA3o82D,6+,Hemoglobin,shap_plots_6+_rowna0.5_k100_top25_beA3o82D/Hemoglobin_6+.png
43KOTlpS,6+,Hemoglobin,shap_plots_6+_rowna0.5_k100_top25_43KOTlpS/Hemoglobin_6+.png
lKesaFNR,6+,Hemoglobin,shap_plots_6+_rowna0.5_k100_top25_lKesaFNR/Hemoglobin_6+.png
beA3o82D,12+,Hemoglobin,shap_plots_12+_rowna0.5_k100_top25_beA3o82D/Hemoglobin_12+.png
43KOTlpS,12+,Hemoglobin,shap_plots_12+_rowna0.5_k100_top25_43KOTlpS/Hemoglobin_12+.png
lKesaFNR,12+,Hemoglobin,shap_plots_12+_rowna0.5_k100_top25_lKesaFNR/Hemoglobin_12+.png
beA3o82D,all,ImmunoglobulinE,shap_plots_all_rowna0.5_k100_top25_beA3o82D/ImmunoglobulinE_all.png
43KOTlpS,all,ImmunoglobulinE,shap_plots_all_rowna0.5_k100_top25_43KOTlpS/ImmunoglobulinE_all.png
lKesaFNR,all,ImmunoglobulinE,shap_plots_all_rowna0.5_k100_top25_lKesaFNR/ImmunoglobulinE_all.png
beA3o82D,0-2,ImmunoglobulinE,shap_plots_0-2_rowna0.3_k100_top25_beA3o82D/ImmunoglobulinE_0-2.png
43KOTlpS,0-2,ImmunoglobulinE,shap_plots_0-2_rowna0.3_k100_top25_43KOTlpS/ImmunoglobulinE_0-2.png
lKesaFNR,0-2,ImmunoglobulinE,shap_plots_0-2_rowna0.3_k100_top25_lKesaFNR/ImmunoglobulinE_0-2.png
beA3o82D,2-6,ImmunoglobulinE,shap_plots_2-6_rowna0.3_k100_top25_beA3o82D/ImmunoglobulinE_2-6.png
43KOTlpS,2-6,ImmunoglobulinE,shap_plots_2-6_rowna0.3_k100_top25_43KOTlpS/ImmunoglobulinE_2-6.png
lKesaFNR,2-6,ImmunoglobulinE,shap_plots_2-6_rowna0.3_k100_top25_lKesaFNR/ImmunoglobulinE_2-6.png
beA3o82D,6-12,ImmunoglobulinE,shap_plots_6-12_rowna0.3_k100_top25_beA3o82D/ImmunoglobulinE_6-12.png
43KOTlpS,6-12,ImmunoglobulinE,shap_plots_6-12_rowna0.3_k100_top25_43KOTlpS/ImmunoglobulinE_6-12.png
lKesaFNR,6-12,ImmunoglobulinE,shap_plots_6-12_rowna0.3_k100_top25_lKesaFNR/ImmunoglobulinE_6-12.png
beA3o82D,6+,ImmunoglobulinE,shap_plots_6+_rowna0.5_k100_top25_beA3o82D/ImmunoglobulinE_6+.png
43KOTlpS,6+,ImmunoglobulinE,shap_plots_6+_rowna0.5_k100_top25_43KOTlpS/ImmunoglobulinE_6+.png
lKesaFNR,6+,ImmunoglobulinE,shap_plots_6+_rowna0.5_k100_top25_lKesaFNR/ImmunoglobulinE_6+.png
beA3o82D,12+,ImmunoglobulinE,shap_plots_12+_rowna0.5_k100_top25_beA3o82D/ImmunoglobulinE_12+.png
43KOTlpS,12+,ImmunoglobulinE,shap_plots_12+_rowna0.5_k100_top25_43KOTlpS/ImmunoglobulinE_12+.png
lKesaFNR,12+,ImmunoglobulinE,shap_plots_12+_rowna0.5_k100_top25_lKesaFNR/ImmunoglobulinE_12+.png
beA3o82D,all,LymphocytesPercentage,shap_plots_all_rowna0.5_k100_top25_beA3o82D/LymphocytesPercentage_all.png
43KOTlpS,all,LymphocytesPercentage,shap_plots_all_rowna0.5_k100_top25_43KOTlpS/LymphocytesPercentage_all.png
lKesaFNR,all,LymphocytesPercentage,shap_plots_all_rowna0.5_k100_top25_lKesaFNR/LymphocytesPercentage_all.png
beA3o82D,0-2,LymphocytesPercentage,shap_plots_0-2_rowna0.3_k100_top25_beA3o82D/LymphocytesPercentage_0-2.png
43KOTlpS,0-2,LymphocytesPercentage,shap_plots_0-2_rowna0.3_k100_top25_43KOTlpS/LymphocytesPercentage_0-2.png
lKesaFNR,0-2,LymphocytesPercentage,shap_plots_0-2_rowna0.3_k100_top25_lKesaFNR/LymphocytesPercentage_0-2.png
beA3o82D,2-6,LymphocytesPercentage,shap_plots_2-6_rowna0.3_k100_top25_beA3o82D/LymphocytesPercentage_2-6.png
43KOTlpS,2-6,LymphocytesPercentage,shap_plots_2-6_rowna0.3_k100_top25_43KOTlpS/LymphocytesPercentage_2-6.png
lKesaFNR,2-6,LymphocytesPercentage,shap_plots_2-6_rowna0.3_k100_top25_lKesaFNR/LymphocytesPercentage_2-6.png
beA3o82D,6-12,LymphocytesPercentage,shap_plots_6-12_rowna0.3_k100_top25_beA3o82D/LymphocytesPercentage_6-12.png
43KOTlpS,6-12,LymphocytesPercentage,shap_plots_6-12_rowna0.3_k100_top25_43KOTlpS/LymphocytesPercentage_6-12.png
lKesaFNR,6-12,LymphocytesPercentage,shap_plots_6-12_rowna0.3_k100_top25_lKesaFNR/LymphocytesPercentage_6-12.png
beA3o82D,6+,LymphocytesPercentage,shap_plots_6+_rowna0.5_k100_top25_beA3o82D/LymphocytesPercentage_6+.png
43KOTlpS,6+,LymphocytesPercentage,shap_plots_6+_rowna0.5_k100_top25_43KOTlpS/LymphocytesPercentage_6+.png
lKesaFNR,6+,LymphocytesPercentage,shap_plots_6+_rowna0.5_k100_top25_lKesaFNR/LymphocytesPercentage_6+.png
beA3o82D,12+,LymphocytesPercentage,shap_plots_12+_rowna0.5_k100_top25_beA3o82D/LymphocytesPercentage_12+.png
43KOTlpS,12+,LymphocytesPercentage,shap_plots_12+_rowna0.5_k100_top25_43KOTlpS/LymphocytesPercentage_12+.png
lKesaFNR,12+,LymphocytesPercentage,shap_plots_12+_rowna0.5_k100_top25_lKesaFNR/LymphocytesPercentage_12+.png
beA3o82D,all,MeanCorpuscularHemoglobin,shap_plots_all_rowna0.5_k100_top25_beA3o82D/MeanCorpuscularHemoglobin_all.png
43KOTlpS,all,MeanCorpuscularHemoglobin,shap_plots_all_rowna0.5_k100_top25_43KOTlpS/MeanCorpuscularHemoglobin_all.png
lKesaFNR,all,MeanCorpuscularHemoglobin,shap_plots_all_rowna0.5_k100_top25_lKesaFNR/MeanCorpuscularHemoglobin_all.png
beA3o82D,0-2,MeanCorpuscularHemoglobin,shap_plots_0-2_rowna0.3_k100_top25_beA3o82D/MeanCorpuscularHemoglobin_0-2.png
43KOTlpS,0-2,MeanCorpuscularHemoglobin,shap_plots_0-2_rowna0.3_k100_top25_43KOTlpS/MeanCorpuscularHemoglobin_0-2.png
lKesaFNR,0-2,MeanCorpuscularHemoglobin,shap_plots_0-2_rowna0.3_k100_top25_lKesaFNR/MeanCorpuscularHemoglobin_0-2.png
beA3o82D,2-6,MeanCorpuscularHemoglobin,shap_plots_2-6_rowna0.3_k100_top25_beA3o82D/MeanCorpuscularHemoglobin_2-6.png
43KOTlpS,2-6,MeanCorpuscularHemoglobin,shap_plots_2-6_rowna0.3_k100_top25_43KOTlpS/MeanCorpuscularHemoglobin_2-6.png
lKesaFNR,2-6,MeanCorpuscularHemoglobin,shap_plots_2-6_rowna0.3_k100_top25_lKesaFNR/MeanCorpuscularHemoglobin_2-6.png
beA3o82D,6-12,MeanCorpuscularHemoglobin,shap_plots_6-12_rowna0.3_k100_top25_beA3o82D/MeanCorpuscularHemoglobin_6-12.png
43KOTlpS,6-12,MeanCorpuscularHemoglobin,shap_plots_6-12_rowna0.3_k100_top25_43KOTlpS/MeanCorpuscularHemoglobin_6-12.png
lKesaFNR,6-12,MeanCorpuscularHemoglobin,shap_plots_6-12_rowna0.3_k100_top25_lKesaFNR/MeanCorpuscularHemoglobin_6-12.png
beA3o82D,6+,MeanCorpuscularHemoglobin,shap_plots_6+_rowna0.5_k100_top25_beA3o82D/MeanCorpuscularHemoglobin_6+.png
43KOTlpS,6+,MeanCorpuscularHemoglobin,shap_plots_6+_rowna0.5_k100_top25_43KOTlpS/MeanCorpuscularHemoglobin_6+.png
lKesaFNR,6+,MeanCorpuscularHemoglobin,shap_plots_6+_rowna0.5_k100_top25_lKesaFNR/MeanCorpuscularHemoglobin_6+.png
beA3o82D,12+,MeanCorpuscularHemoglobin,shap_plots_12+_rowna0.5_k100_top25_beA3o82D/MeanCorpuscularHemoglobin_12+.png
43KOTlpS,12+,MeanCorpuscularHemoglobin,shap_plots_12+_rowna0.5_k100_top25_43KOTlpS/MeanCorpuscularHemoglobin_12+.png
lKesaFNR,12+,MeanCorpuscularHemoglobin,shap_plots_12+_rowna0.5_k100_top25_lKesaFNR/MeanCorpuscularHemoglobin_12+.png
beA3o82D,all,MeanCorpuscularHemoglobinConcentration,shap_plots_all_rowna0.5_k100_top25_beA3o82D/MeanCorpuscularHemoglobinConcentration_all.png
43KOTlpS,all,MeanCorpuscularHemoglobinConcentration,shap_plots_all_rowna0.5_k100_top25_43KOTlpS/MeanCorpuscularHemoglobinConcentration_all.png
lKesaFNR,all,MeanCorpuscularHemoglobinConcentration,shap_plots_all_rowna0.5_k100_top25_lKesaFNR/MeanCorpuscularHemoglobinConcentration_all.png
beA3o82D,0-2,MeanCorpuscularHemoglobinConcentration,shap_plots_0-2_rowna0.3_k100_top25_beA3o82D/MeanCorpuscularHemoglobinConcentration_0-2.png
43KOTlpS,0-2,MeanCorpuscularHemoglobinConcentration,shap_plots_0-2_rowna0.3_k100_top25_43KOTlpS/MeanCorpuscularHemoglobinConcentration_0-2.png
lKesaFNR,0-2,MeanCorpuscularHemoglobinConcentration,shap_plots_0-2_rowna0.3_k100_top25_lKesaFNR/MeanCorpuscularHemoglobinConcentration_0-2.png
beA3o82D,2-6,MeanCorpuscularHemoglobinConcentration,shap_plots_2-6_rowna0.3_k100_top25_beA3o82D/MeanCorpuscularHemoglobinConcentration_2-6.png
43KOTlpS,2-6,MeanCorpuscularHemoglobinConcentration,shap_plots_2-6_rowna0.3_k100_top25_43KOTlpS/MeanCorpuscularHemoglobinConcentration_2-6.png
lKesaFNR,2-6,MeanCorpuscularHemoglobinConcentration,shap_plots_2-6_rowna0.3_k100_top25_lKesaFNR/MeanCorpuscularHemoglobinConcentration_2-6.png
beA3o82D,6-12,MeanCorpuscularHemoglobinConcentration,shap_plots_6-12_rowna0.3_k100_top25_beA3o82D/MeanCorpuscularHemoglobinConcentration_6-12.png
43KOTlpS,6-12,MeanCorpuscularHemoglobinConcentration,shap_plots_6-12_rowna0.3_k100_top25_43KOTlpS/MeanCorpuscularHemoglobinConcentration_6-12.png
lKesaFNR,6-12,MeanCorpuscularHemoglobinConcentration,shap_plots_6-12_rowna0.3_k100_top25_lKesaFNR/MeanCorpuscularHemoglobinConcentration_6-12.png
beA3o82D,6+,MeanCorpuscularHemoglobinConcentration,shap_plots_6+_rowna0.5_k100_top25_beA3o82D/MeanCorpuscularHemoglobinConcentration_6+.png
43KOTlpS,6+,MeanCorpuscularHemoglobinConcentration,shap_plots_6+_rowna0.5_k100_top25_43KOTlpS/MeanCorpuscularHemoglobinConcentration_6+.png
lKesaFNR,6+,MeanCorpuscularHemoglobinConcentration,shap_plots_6+_rowna0.5_k100_top25_lKesaFNR/MeanCorpuscularHemoglobinConcentration_6+.png
beA3o82D,12+,MeanCorpuscularHemoglobinConcentration,shap_plots_12+_rowna0.5_k100_top25_beA3o82D/MeanCorpuscularHemoglobinConcentration_12+.png
43KOTlpS,12+,MeanCorpuscularHemoglobinConcentration,shap_plots_12+_rowna0.5_k100_top25_43KOTlpS/MeanCorpuscularHemoglobinConcentration_12+.png
lKesaFNR,12+,MeanCorpuscularHemoglobinConcentration,shap_plots_12+_rowna0.5_k100_top25_lKesaFNR/MeanCorpuscularHemoglobinConcentration_12+.png
beA3o82D,all,MeanCorpuscularVolume,shap_plots_all_rowna0.5_k100_top25_beA3o82D/MeanCorpuscularVolume_all.png
43KOTlpS,all,MeanCorpuscularVolume,shap_plots_all_rowna0.5_k100_top25_43KOTlpS/MeanCorpuscularVolume_all.png
lKesaFNR,all,MeanCorpuscularVolume,shap_plots_all_rowna0.5_k100_top25_lKesaFNR/MeanCorpuscularVolume_all.png
beA3o82D,0-2,MeanCorpuscularVolume,shap_plots_0-2_rowna0.3_k100_top25_beA3o82D/MeanCorpuscularVolume_0-2.png
43KOTlpS,0-2,MeanCorpuscularVolume,shap_plots_0-2_rowna0.3_k100_top25_43KOTlpS/MeanCorpuscularVolume_0-2.png
lKesaFNR,0-2,MeanCorpuscularVolume,shap_plots_0-2_rowna0.3_k100_top25_lKesaFNR/MeanCorpuscularVolume_0-2.png
beA3o82D,2-6,MeanCorpuscularVolume,shap_plots_2-6_rowna0.3_k100_top25_beA3o82D/MeanCorpuscularVolume_2-6.png
43KOTlpS,2-6,MeanCorpuscularVolume,shap_plots_2-6_rowna0.3_k100_top25_43KOTlpS/MeanCorpuscularVolume_2-6.png
lKesaFNR,2-6,MeanCorpuscularVolume,shap_plots_2-6_rowna0.3_k100_top25_lKesaFNR/MeanCorpuscularVolume_2-6.png
beA3o82D,6-12,MeanCorpuscularVolume,shap_plots_6-12_rowna0.3_k100_top25_beA3o82D/MeanCorpuscularVolume_6-12.png
43KOTlpS,6-12,MeanCorpuscularVolume,shap_plots_6-12_rowna0.3_k100_top25_43KOTlpS/MeanCorpuscularVolume_6-12.png
lKesaFNR,6-12,MeanCorpuscularVolume,shap_plots_6-12_rowna0.3_k100_top25_lKesaFNR/MeanCorpuscularVolume_6-12.png
beA3o82D,6+,MeanCorpuscularVolume,shap_plots_6+_rowna0.5_k100_top25_beA3o82D/MeanCorpuscularVolume_6+.png
43KOTlpS,6+,MeanCorpuscularVolume,shap_plots_6+_rowna0.5_k100_top25_43KOTlpS/MeanCorpuscularVolume_6+.png
lKesaFNR,6+,MeanCorpuscularVolume,shap_plots_6+_rowna0.5_k100_top25_lKesaFNR/MeanCorpuscularVolume_6+.png
beA3o82D,12+,MeanCorpuscularVolume,shap_plots_12+_rowna0.5_k100_top25_beA3o82D/MeanCorpuscularVolume_12+.png
43KOTlpS,12+,MeanCorpuscularVolume,shap_plots_12+_rowna0.5_k100_top25_43KOTlpS/MeanCorpuscularVolume_12+.png
lKesaFNR,12+,MeanCorpuscularVolume,shap_plots_12+_rowna0.5_k100_top25_lKesaFNR/MeanCorpuscularVolume_12+.png
beA3o82D,all,MeanPlateletVolume,shap_plots_all_rowna0.5_k100_top25_beA3o82D/MeanPlateletVolume_all.png
43KOTlpS,all,MeanPlateletVolume,shap_plots_all_rowna0.5_k100_top25_43KOTlpS/MeanPlateletVolume_all.png
lKesaFNR,all,MeanPlateletVolume,shap_plots_all_rowna0.5_k100_top25_lKesaFNR/MeanPlateletVolume_all.png
beA3o82D,0-2,MeanPlateletVolume,shap_plots_0-2_rowna0.3_k100_top25_beA3o82D/MeanPlateletVolume_0-2.png
43KOTlpS,0-2,MeanPlateletVolume,shap_plots_0-2_rowna0.3_k100_top25_43KOTlpS/MeanPlateletVolume_0-2.png
lKesaFNR,0-2,MeanPlateletVolume,shap_plots_0-2_rowna0.3_k100_top25_lKesaFNR/MeanPlateletVolume_0-2.png
beA3o82D,2-6,MeanPlateletVolume,shap_plots_2-6_rowna0.3_k100_top25_beA3o82D/MeanPlateletVolume_2-6.png
43KOTlpS,2-6,MeanPlateletVolume,shap_plots_2-6_rowna0.3_k100_top25_43KOTlpS/MeanPlateletVolume_2-6.png
lKesaFNR,2-6,MeanPlateletVolume,shap_plots_2-6_rowna0.3_k100_top25_lKesaFNR/MeanPlateletVolume_2-6.png
beA3o82D,6-12,MeanPlateletVolume,shap_plots_6-12_rowna0.3_k100_top25_beA3o82D/MeanPlateletVolume_6-12.png
43KOTlpS,6-12,MeanPlateletVolume,shap_plots_6-12_rowna0.3_k100_top25_43KOTlpS/MeanPlateletVolume_6-12.png
lKesaFNR,6-12,MeanPlateletVolume,shap_plots_6-12_rowna0.3_k100_top25_lKesaFNR/MeanPlateletVolume_6-12.png
beA3o82D,6+,MeanPlateletVolume,shap_plots_6+_rowna0.5_k100_top25_beA3o82D/MeanPlateletVolume_6+.png
43KOTlpS,6+,MeanPlateletVolume,shap_plots_6+_rowna0.5_k100_top25_43KOTlpS/MeanPlateletVolume_6+.png
lKesaFNR,6+,MeanPlateletVolume,shap_plots_6+_rowna0.5_k100_top25_lKesaFNR/MeanPlateletVolume_6+.png
beA3o82D,12+,MeanPlateletVolume,shap_plots_12+_rowna0.5_k100_top25_beA3o82D/MeanPlateletVolume_12+.png
43KOTlpS,12+,MeanPlateletVolume,shap_plots_12+_rowna0.5_k100_top25_43KOTlpS/MeanPlateletVolume_12+.png
lKesaFNR,12+,MeanPlateletVolume,shap_plots_12+_rowna0.5_k100_top25_lKesaFNR/MeanPlateletVolume_12+.png
beA3o82D,all,MonocytesPercentage,shap_plots_all_rowna0.5_k100_top25_beA3o82D/MonocytesPercentage_all.png
43KOTlpS,all,MonocytesPercentage,shap_plots_all_rowna0.5_k100_top25_43KOTlpS/MonocytesPercentage_all.png
lKesaFNR,all,MonocytesPercentage,shap_plots_all_rowna0.5_k100_top25_lKesaFNR/MonocytesPercentage_all.png
beA3o82D,0-2,MonocytesPercentage,shap_plots_0-2_rowna0.3_k100_top25_beA3o82D/MonocytesPercentage_0-2.png
43KOTlpS,0-2,MonocytesPercentage,shap_plots_0-2_rowna0.3_k100_top25_43KOTlpS/MonocytesPercentage_0-2.png
lKesaFNR,0-2,MonocytesPercentage,shap_plots_0-2_rowna0.3_k100_top25_lKesaFNR/MonocytesPercentage_0-2.png
beA3o82D,2-6,MonocytesPercentage,shap_plots_2-6_rowna0.3_k100_top25_beA3o82D/MonocytesPercentage_2-6.png
43KOTlpS,2-6,MonocytesPercentage,shap_plots_2-6_rowna0.3_k100_top25_43KOTlpS/MonocytesPercentage_2-6.png
lKesaFNR,2-6,MonocytesPercentage,shap_plots_2-6_rowna0.3_k100_top25_lKesaFNR/MonocytesPercentage_2-6.png
beA3o82D,6-12,MonocytesPercentage,shap_plots_6-12_rowna0.3_k100_top25_beA3o82D/MonocytesPercentage_6-12.png
43KOTlpS,6-12,MonocytesPercentage,shap_plots_6-12_rowna0.3_k100_top25_43KOTlpS/MonocytesPercentage_6-12.png
lKesaFNR,6-12,MonocytesPercentage,shap_plots_6-12_rowna0.3_k100_top25_lKesaFNR/MonocytesPercentage_6-12.png
beA3o82D,6+,MonocytesPercentage,shap_plots_6+_rowna0.5_k100_top25_beA3o82D/MonocytesPercentage_6+.png
43KOTlpS,6+,MonocytesPercentage,shap_plots_6+_rowna0.5_k100_top25_43KOTlpS/MonocytesPercentage_6+.png
lKesaFNR,6+,MonocytesPercentage,shap_plots_6+_rowna0.5_k100_top25_lKesaFNR/MonocytesPercentage_6+.png
beA3o82D,12+,MonocytesPercentage,shap_plots_12+_rowna0.5_k100_top25_beA3o82D/MonocytesPercentage_12+.png
43KOTlpS,12+,MonocytesPercentage,shap_plots_12+_rowna0.5_k100_top25_43KOTlpS/MonocytesPercentage_12+.png
lKesaFNR,12+,MonocytesPercentage,shap_plots_12+_rowna0.5_k100_top25_lKesaFNR/MonocytesPercentage_12+.png
beA3o82D,all,NeutrophilsPercentage,shap_plots_all_rowna0.5_k100_top25_beA3o82D/NeutrophilsPercentage_all.png
43KOTlpS,all,NeutrophilsPercentage,shap_plots_all_rowna0.5_k100_top25_43KOTlpS/NeutrophilsPercentage_all.png
lKesaFNR,all,NeutrophilsPercentage,shap_plots_all_rowna0.5_k100_top25_lKesaFNR/NeutrophilsPercentage_all.png
beA3o82D,0-2,NeutrophilsPercentage,shap_plots_0-2_rowna0.3_k100_top25_beA3o82D/NeutrophilsPercentage_0-2.png
43KOTlpS,0-2,NeutrophilsPercentage,shap_plots_0-2_rowna0.3_k100_top25_43KOTlpS/NeutrophilsPercentage_0-2.png
lKesaFNR,0-2,NeutrophilsPercentage,shap_plots_0-2_rowna0.3_k100_top25_lKesaFNR/NeutrophilsPercentage_0-2.png
beA3o82D,2-6,NeutrophilsPercentage,shap_plots_2-6_rowna0.3_k100_top25_beA3o82D/NeutrophilsPercentage_2-6.png
43KOTlpS,2-6,NeutrophilsPercentage,shap_plots_2-6_rowna0.3_k100_top25_43KOTlpS/NeutrophilsPercentage_2-6.png
lKesaFNR,2-6,NeutrophilsPercentage,shap_plots_2-6_rowna0.3_k100_top25_lKesaFNR/NeutrophilsPercentage_2-6.png
beA3o82D,6-12,NeutrophilsPercentage,shap_plots_6-12_rowna0.3_k100_top25_beA3o82D/NeutrophilsPercentage_6-12.png
43KOTlpS,6-12,NeutrophilsPercentage,shap_plots_6-12_rowna0.3_k100_top25_43KOTlpS/NeutrophilsPercentage_6-12.png
lKesaFNR,6-12,NeutrophilsPercentage,shap_plots_6-12_rowna0.3_k100_top25_lKesaFNR/NeutrophilsPercentage_6-12.png
beA3o82D,6+,NeutrophilsPercentage,shap_plots_6+_rowna0.5_k100_top25_beA3o82D/NeutrophilsPercentage_6+.png
43KOTlpS,6+,NeutrophilsPercentage,shap_plots_6+_rowna0.5_k100_top25_43KOTlpS/NeutrophilsPercentage_6+.png
lKesaFNR,6+,NeutrophilsPercentage,shap_plots_6+_rowna0.5_k100_top25_lKesaFNR/NeutrophilsPercentage_6+.png
beA3o82D,12+,NeutrophilsPercentage,shap_plots_12+_rowna0.5_k100_top25_beA3o82D/NeutrophilsPercentage_12+.png
43KOTlpS,12+,NeutrophilsPercentage,shap_plots_12+_rowna0.5_k100_top25_43KOTlpS/NeutrophilsPercentage_12+.png
lKesaFNR,12+,NeutrophilsPercentage,shap_plots_12+_rowna0.5_k100_top25_lKesaFNR/NeutrophilsPercentage_12+.png
beA3o82D,all,Nucleosome,shap_plots_all_rowna0.5_k100_top25_beA3o82D/Nucleosome_all.png
43KOTlpS,all,Nucleosome,shap_plots_all_rowna0.5_k100_top25_43KOTlpS/Nucleosome_all.png
lKesaFNR,all,Nucleosome,shap_plots_all_rowna0.5_k100_top25_lKesaFNR/Nucleosome_all.png
beA3o82D,0-2,Nucleosome,shap_plots_0-2_rowna0.3_k100_top25_beA3o82D/Nucleosome_0-2.png
43KOTlpS,0-2,Nucleosome,shap_plots_0-2_rowna0.3_k100_top25_43KOTlpS/Nucleosome_0-2.png
lKesaFNR,0-2,Nucleosome,shap_plots_0-2_rowna0.3_k100_top25_lKesaFNR/Nucleosome_0-2.png
beA3o82D,2-6,Nucleosome,shap_plots_2-6_rowna0.3_k100_top25_beA3o82D/Nucleosome_2-6.png
43KOTlpS,2-6,Nucleosome,shap_plots_2-6_rowna0.3_k100_top25_43KOTlpS/Nucleosome_2-6.png
lKesaFNR,2-6,Nucleosome,shap_plots_2-6_rowna0.3_k100_top25_lKesaFNR/Nucleosome_2-6.png
beA3o82D,6-12,Nucleosome,shap_plots_6-12_rowna0.3_k100_top25_beA3o82D/Nucleosome_6-12.png
43KOTlpS,6-12,Nucleosome,shap_plots_6-12_rowna0.3_k100_top25_43KOTlpS/Nucleosome_6-12.png
lKesaFNR,6-12,Nucleosome,shap_plots_6-12_rowna0.3_k100_top25_lKesaFNR/Nucleosome_6-12.png
beA3o82D,6+,Nucleosome,shap_plots_6+_rowna0.5_k100_top25_beA3o82D/Nucleosome_6+.png
43KOTlpS,6+,Nucleosome,shap_plots_6+_rowna0.5_k100_top25_43KOTlpS/Nucleosome_6+.png
lKesaFNR,6+,Nucleosome,shap_plots_6+_rowna0.5_k100_top25_lKesaFNR/Nucleosome_6+.png
beA3o82D,12+,Nucleosome,shap_plots_12+_rowna0.5_k100_top25_beA3o82D/Nucleosome_12+.png
43KOTlpS,12+,Nucleosome,shap_plots_12+_rowna0.5_k100_top25_43KOTlpS/Nucleosome_12+.png
lKesaFNR,12+,Nucleosome,shap_plots_12+_rowna0.5_k100_top25_lKesaFNR/Nucleosome_12+.png
beA3o82D,all,PlateletCount,shap_plots_all_rowna0.5_k100_top25_beA3o82D/PlateletCount_all.png
43KOTlpS,all,PlateletCount,shap_plots_all_rowna0.5_k100_top25_43KOTlpS/PlateletCount_all.png
lKesaFNR,all,PlateletCount,shap_plots_all_rowna0.5_k100_top25_lKesaFNR/PlateletCount_all.png
beA3o82D,0-2,PlateletCount,shap_plots_0-2_rowna0.3_k100_top25_beA3o82D/PlateletCount_0-2.png
43KOTlpS,0-2,PlateletCount,shap_plots_0-2_rowna0.3_k100_top25_43KOTlpS/PlateletCount_0-2.png
lKesaFNR,0-2,PlateletCount,shap_plots_0-2_rowna0.3_k100_top25_lKesaFNR/PlateletCount_0-2.png
beA3o82D,2-6,PlateletCount,shap_plots_2-6_rowna0.3_k100_top25_beA3o82D/PlateletCount_2-6.png
43KOTlpS,2-6,PlateletCount,shap_plots_2-6_rowna0.3_k100_top25_43KOTlpS/PlateletCount_2-6.png
lKesaFNR,2-6,PlateletCount,shap_plots_2-6_rowna0.3_k100_top25_lKesaFNR/PlateletCount_2-6.png
beA3o82D,6-12,PlateletCount,shap_plots_6-12_rowna0.3_k100_top25_beA3o82D/PlateletCount_6-12.png
43KOTlpS,6-12,PlateletCount,shap_plots_6-12_rowna0.3_k100_top25_43KOTlpS/PlateletCount_6-12.png
lKesaFNR,6-12,PlateletCount,shap_plots_6-12_rowna0.3_k100_top25_lKesaFNR/PlateletCount_6-12.png
beA3o82D,6+,PlateletCount,shap_plots_6+_rowna0.5_k100_top25_beA3o82D/PlateletCount_6+.png
43KOTlpS,6+,PlateletCount,shap_plots_6+_rowna0.5_k100_top25_43KOTlpS/PlateletCount_6+.png
lKesaFNR,6+,PlateletCount,shap_plots_6+_rowna0.5_k100_top25_lKesaFNR/PlateletCount_6+.png
beA3o82D,12+,PlateletCount,shap_plots_12+_rowna0.5_k100_top25_beA3o82D/PlateletCount_12+.png
43KOTlpS,12+,PlateletCount,shap_plots_12+_rowna0.5_k100_top25_43KOTlpS/PlateletCount_12+.png
lKesaFNR,12+,PlateletCount,shap_plots_12+_rowna0.5_k100_top25_lKesaFNR/PlateletCount_12+.png
beA3o82D,all,PlateletDistributionWidth,shap_plots_all_rowna0.5_k100_top25_beA3o82D/PlateletDistributionWidth_all.png
43KOTlpS,all,PlateletDistributionWidth,shap_plots_all_rowna0.5_k100_top25_43KOTlpS/PlateletDistributionWidth_all.png
lKesaFNR,all,PlateletDistributionWidth,shap_plots_all_rowna0.5_k100_top25_lKesaFNR/PlateletDistributionWidth_all.png
beA3o82D,0-2,PlateletDistributionWidth,shap_plots_0-2_rowna0.3_k100_top25_beA3o82D/PlateletDistributionWidth_0-2.png
43KOTlpS,0-2,PlateletDistributionWidth,shap_plots_0-2_rowna0.3_k100_top25_43KOTlpS/PlateletDistributionWidth_0-2.png
lKesaFNR,0-2,PlateletDistributionWidth,shap_plots_0-2_rowna0.3_k100_top25_lKesaFNR/PlateletDistributionWidth_0-2.png
beA3o82D,2-6,PlateletDistributionWidth,shap_plots_2-6_rowna0.3_k100_top25_beA3o82D/PlateletDistributionWidth_2-6.png
43KOTlpS,2-6,PlateletDistributionWidth,shap_plots_2-6_rowna0.3_k100_top25_43KOTlpS/PlateletDistributionWidth_2-6.png
lKesaFNR,2-6,PlateletDistributionWidth,shap_plots_2-6_rowna0.3_k100_top25_lKesaFNR/PlateletDistributionWidth_2-6.png
beA3o82D,6-12,PlateletDistributionWidth,shap_plots_6-12_rowna0.3_k100_top25_beA3o82D/PlateletDistributionWidth_6-12.png
43KOTlpS,6-12,PlateletDistributionWidth,shap_plots_6-12_rowna0.3_k100_top25_43KOTlpS/PlateletDistributionWidth_6-12.png
lKesaFNR,6-12,PlateletDistributionWidth,shap_plots_6-12_rowna0.3_k100_top25_lKesaFNR/PlateletDistributionWidth_6-12.png
beA3o82D,6+,PlateletDistributionWidth,shap_plots_6+_rowna0.5_k100_top25_beA3o82D/PlateletDistributionWidth_6+.png
43KOTlpS,6+,PlateletDistributionWidth,shap_plots_6+_rowna0.5_k100_top25_43KOTlpS/PlateletDistributionWidth_6+.png
lKesaFNR,6+,PlateletDistributionWidth,shap_plots_6+_rowna0.5_k100_top25_lKesaFNR/PlateletDistributionWidth_6+.png
beA3o82D,12+,PlateletDistributionWidth,shap_plots_12+_rowna0.5_k100_top25_beA3o82D/PlateletDistributionWidth_12+.png
43KOTlpS,12+,PlateletDistributionWidth,shap_plots_12+_rowna0.5_k100_top25_43KOTlpS/PlateletDistributionWidth_12+.png
lKesaFNR,12+,PlateletDistributionWidth,shap_plots_12+_rowna0.5_k100_top25_lKesaFNR/PlateletDistributionWidth_12+.png
beA3o82D,all,RibosomalPProtein,shap_plots_all_rowna0.5_k100_top25_beA3o82D/RibosomalPProtein_all.png
43KOTlpS,all,RibosomalPProtein,shap_plots_all_rowna0.5_k100_top25_43KOTlpS/RibosomalPProtein_all.png
lKesaFNR,all,RibosomalPProtein,shap_plots_all_rowna0.5_k100_top25_lKesaFNR/RibosomalPProtein_all.png
beA3o82D,0-2,RibosomalPProtein,shap_plots_0-2_rowna0.3_k100_top25_beA3o82D/RibosomalPProtein_0-2.png
43KOTlpS,0-2,RibosomalPProtein,shap_plots_0-2_rowna0.3_k100_top25_43KOTlpS/RibosomalPProtein_0-2.png
lKesaFNR,0-2,RibosomalPProtein,shap_plots_0-2_rowna0.3_k100_top25_lKesaFNR/RibosomalPProtein_0-2.png
beA3o82D,2-6,RibosomalPProtein,shap_plots_2-6_rowna0.3_k100_top25_beA3o82D/RibosomalPProtein_2-6.png
43KOTlpS,2-6,RibosomalPProtein,shap_plots_2-6_rowna0.3_k100_top25_43KOTlpS/RibosomalPProtein_2-6.png
lKesaFNR,2-6,RibosomalPProtein,shap_plots_2-6_rowna0.3_k100_top25_lKesaFNR/RibosomalPProtein_2-6.png
beA3o82D,6-12,RibosomalPProtein,shap_plots_6-12_rowna0.3_k100_top25_beA3o82D/RibosomalPProtein_6-12.png
43KOTlpS,6-12,RibosomalPProtein,shap_plots_6-12_rowna0.3_k100_top25_43KOTlpS/RibosomalPProtein_6-12.png
lKesaFNR,6-12,RibosomalPProtein,shap_plots_6-12_rowna0.3_k100_top25_lKesaFNR/RibosomalPProtein_6-12.png
beA3o82D,6+,RibosomalPProtein,shap_plots_6+_rowna0.5_k100_top25_beA3o82D/RibosomalPProtein_6+.png
43KOTlpS,6+,RibosomalPProtein,shap_plots_6+_rowna0.5_k100_top25_43KOTlpS/RibosomalPProtein_6+.png
lKesaFNR,6+,RibosomalPProtein,shap_plots_6+_rowna0.5_k100_top25_lKesaFNR/RibosomalPProtein_6+.png
beA3o82D,12+,RibosomalPProtein,shap_plots_12+_rowna0.5_k100_top25_beA3o82D/RibosomalPProtein_12+.png
43KOTlpS,12+,RibosomalPProtein,shap_plots_12+_rowna0.5_k100_top25_43KOTlpS/RibosomalPProtein_12+.png
lKesaFNR,12+,RibosomalPProtein,shap_plots_12+_rowna0.5_k100_top25_lKesaFNR/RibosomalPProtein_12+.png
beA3o82D,all,Ro52,shap_plots_all_rowna0.5_k100_top25_beA3o82D/Ro52_all.png
43KOTlpS,all,Ro52,shap_plots_all_rowna0.5_k100_top25_43KOTlpS/Ro52_all.png
lKesaFNR,all,Ro52,shap_plots_all_rowna0.5_k100_top25_lKesaFNR/Ro52_all.png
beA3o82D,0-2,Ro52,shap_plots_0-2_rowna0.3_k100_top25_beA3o82D/Ro52_0-2.png
43KOTlpS,0-2,Ro52,shap_plots_0-2_rowna0.3_k100_top25_43KOTlpS/Ro52_0-2.png
lKesaFNR,0-2,Ro52,shap_plots_0-2_rowna0.3_k100_top25_lKesaFNR/Ro52_0-2.png
beA3o82D,2-6,Ro52,shap_plots_2-6_rowna0.3_k100_top25_beA3o82D/Ro52_2-6.png
43KOTlpS,2-6,Ro52,shap_plots_2-6_rowna0.3_k100_top25_43KOTlpS/Ro52_2-6.png
lKesaFNR,2-6,Ro52,shap_plots_2-6_rowna0.3_k100_top25_lKesaFNR/Ro52_2-6.png
beA3o82D,6-12,Ro52,shap_plots_6-12_rowna0.3_k100_top25_beA3o82D/Ro52_6-12.png
43KOTlpS,6-12,Ro52,shap_plots_6-12_rowna0.3_k100_top25_43KOTlpS/Ro52_6-12.png
lKesaFNR,6-12,Ro52,shap_plots_6-12_rowna0.3_k100_top25_lKesaFNR/Ro52_6-12.png
beA3o82D,6+,Ro52,shap_plots_6+_rowna0.5_k100_top25_beA3o82D/Ro52_6+.png
43KOTlpS,6+,Ro52,shap_plots_6+_rowna0.5_k100_top25_43KOTlpS/Ro52_6+.png
lKesaFNR,6+,Ro52,shap_plots_6+_rowna0.5_k100_top25_lKesaFNR/Ro52_6+.png
beA3o82D,12+,Ro52,shap_plots_12+_rowna0.5_k100_top25_beA3o82D/Ro52_12+.png
43KOTlpS,12+,Ro52,shap_plots_12+_rowna0.5_k100_top25_43KOTlpS/Ro52_12+.png
lKesaFNR,12+,Ro52,shap_plots_12+_rowna0.5_k100_top25_lKesaFNR/Ro52_12+.png
beA3o82D,all,SMRNP,shap_plots_all_rowna0.5_k100_top25_beA3o82D/SMRNP_all.png
43KOTlpS,all,SMRNP,shap_plots_all_rowna0.5_k100_top25_43KOTlpS/SMRNP_all.png
lKesaFNR,all,SMRNP,shap_plots_all_rowna0.5_k100_top25_lKesaFNR/SMRNP_all.png
beA3o82D,0-2,SMRNP,shap_plots_0-2_rowna0.3_k100_top25_beA3o82D/SMRNP_0-2.png
43KOTlpS,0-2,SMRNP,shap_plots_0-2_rowna0.3_k100_top25_43KOTlpS/SMRNP_0-2.png
lKesaFNR,0-2,SMRNP,shap_plots_0-2_rowna0.3_k100_top25_lKesaFNR/SMRNP_0-2.png
beA3o82D,2-6,SMRNP,shap_plots_2-6_rowna0.3_k100_top25_beA3o82D/SMRNP_2-6.png
43KOTlpS,2-6,SMRNP,shap_plots_2-6_rowna0.3_k100_top25_43KOTlpS/SMRNP_2-6.png
lKesaFNR,2-6,SMRNP,shap_plots_2-6_rowna0.3_k100_top25_lKesaFNR/SMRNP_2-6.png
beA3o82D,6-12,SMRNP,shap_plots_6-12_rowna0.3_k100_top25_beA3o82D/SMRNP_6-12.png
43KOTlpS,6-12,SMRNP,shap_plots_6-12_rowna0.3_k100_top25_43KOTlpS/SMRNP_6-12.png
lKesaFNR,6-12,SMRNP,shap_plots_6-12_rowna0.3_k100_top25_lKesaFNR/SMRNP_6-12.png
beA3o82D,6+,SMRNP,shap_plots_6+_rowna0.5_k100_top25_beA3o82D/SMRNP_6+.png
43KOTlpS,6+,SMRNP,shap_plots_6+_rowna0.5_k100_top25_43KOTlpS/SMRNP_6+.png
lKesaFNR,6+,SMRNP,shap_plots_6+_rowna0.5_k100_top25_lKesaFNR/SMRNP_6+.png
beA3o82D,12+,SMRNP,shap_plots_12+_rowna0.5_k100_top25_beA3o82D/SMRNP_12+.png
43KOTlpS,12+,SMRNP,shap_plots_12+_rowna0.5_k100_top25_43KOTlpS/SMRNP_12+.png
lKesaFNR,12+,SMRNP,shap_plots_12+_rowna0.5_k100_top25_lKesaFNR/SMRNP_12+.png
beA3o82D,all,WhiteBloodCellCount,shap_plots_all_rowna0.5_k100_top25_beA3o82D/WhiteBloodCellCount_all.png
43KOTlpS,all,WhiteBloodCellCount,shap_plots_all_rowna0.5_k100_top25_43KOTlpS/WhiteBloodCellCount_all.png
lKesaFNR,all,WhiteBloodCellCount,shap_plots_all_rowna0.5_k100_top25_lKesaFNR/WhiteBloodCellCount_all.png
beA3o82D,0-2,WhiteBloodCellCount,shap_plots_0-2_rowna0.3_k100_top25_beA3o82D/WhiteBloodCellCount_0-2.png
43KOTlpS,0-2,WhiteBloodCellCount,shap_plots_0-2_rowna0.3_k100_top25_43KOTlpS/WhiteBloodCellCount_0-2.png
lKesaFNR,0-2,WhiteBloodCellCount,shap_plots_0-2_rowna0.3_k100_top25_lKesaFNR/WhiteBloodCellCount_0-2.png
beA3o82D,2-6,WhiteBloodCellCount,shap_plots_2-6_rowna0.3_k100_top25_beA3o82D/WhiteBloodCellCount_2-6.png
43KOTlpS,2-6,WhiteBloodCellCount,shap_plots_2-6_rowna0.3_k100_top25_43KOTlpS/WhiteBloodCellCount_2-6.png
lKesaFNR,2-6,WhiteBloodCellCount,shap_plots_2-6_rowna0.3_k100_top25_lKesaFNR/WhiteBloodCellCount_2-6.png
beA3o82D,6-12,WhiteBloodCellCount,shap_plots_6-12_rowna0.3_k100_top25_beA3o82D/WhiteBloodCellCount_6-12.png
43KOTlpS,6-12,WhiteBloodCellCount,shap_plots_6-12_rowna0.3_k100_top25_43KOTlpS/WhiteBloodCellCount_6-12.png
lKesaFNR,6-12,WhiteBloodCellCount,shap_plots_6-12_rowna0.3_k100_top25_lKesaFNR/WhiteBloodCellCount_6-12.png
beA3o82D,6+,WhiteBloodCellCount,shap_plots_6+_rowna0.5_k100_top25_beA3o82D/WhiteBloodCellCount_6+.png
43KOTlpS,6+,WhiteBloodCellCount,shap_plots_6+_rowna0.5_k100_top25_43KOTlpS/WhiteBloodCellCount_6+.png
lKesaFNR,6+,WhiteBloodCellCount,shap_plots_6+_rowna0.5_k100_top25_lKesaFNR/WhiteBloodCellCount_6+.png
beA3o82D,12+,WhiteBloodCellCount,shap_plots_12+_rowna0.5_k100_top25_beA3o82D/WhiteBloodCellCount_12+.png
43KOTlpS,12+,WhiteBloodCellCount,shap_plots_12+_rowna0.5_k100_top25_43KOTlpS/WhiteBloodCellCount_12+.png
lKesaFNR,12+,WhiteBloodCellCount,shap_plots_12+_rowna0.5_k100_top25_lKesaFNR/WhiteBloodCellCount_12+.png
