,var1,var2,correlation,p_value,significant
0,AntiSSA_Avg,MeanCorpuscularVolume_Avg,-0.17539828842870397,2.5285046643195325e-28,False
1,AntiSSA_Avg,SMRNP_Avg,0.09282222304023931,6.315796006051161e-09,False
2,AntiSSA_Avg,PlateletDistributionWidth_Avg,-0.18099127796360626,4.430535958481997e-30,False
3,AntiSSA_Avg,WhiteBloodCellCount_Avg,-0.053294474472077455,0.0008685680497209039,False
4,AntiSSA_Avg,MeanPlateletVolume_Avg,0.03594949109326069,0.024746380317666197,False
5,AntiSSA_Avg,Nucleosome_Avg,0.28929477820308297,4.407956911599076e-76,False
6,AntiSSA_Avg,EosinophilCountAbsolute_Avg,0.16897533086815783,2.2323160359160552e-26,False
7,AntiSSA_Avg,Hemoglobin_Avg,-0.12185003012753248,2.2313946766077786e-14,False
8,AntiSSA_Avg,NeutrophilsPercentage_Avg,-0.18066037144350378,5.649186532745569e-30,False
9,AntiSSA_Avg,BasophilsPercentage_Avg,0.008162783980441384,0.6102783663965429,False
10,AntiSSA_Avg,LymphocytesPercentage_Avg,0.1758996288604684,1.769228371665115e-28,False
11,AntiSSA_Avg,AntiJo1_Avg,0.08311382145804845,2.009526174958766e-07,False
12,AntiSSA_Avg,EosinophilsPercentage_Avg,0.1109483476556792,3.682717535476271e-12,False
13,AntiSSA_Avg,AbsoluteLymphocyteCount_Avg,0.20010881528343202,1.5918810456932848e-36,False
14,AntiSSA_Avg,AbsoluteEosinophilCount_Avg,0.11413725216882449,8.685773054301919e-13,False
15,AntiSSA_Avg,MeanCorpuscularHemoglobinConcentration_Avg,0.04901855960603553,0.002195255979224594,False
16,AntiSSA_Avg,ImmunoglobulinE_Avg,0.15152936570984302,1.7965678156363302e-21,False
17,AntiSSA_Avg,MonocytesPercentage_Avg,-0.09225598482457527,7.80621654158482e-09,False
18,AntiSSA_Avg,CReactiveProtein_Avg,-0.062455834040984405,9.484038618254343e-05,False
19,AntiSSA_Avg,Ro52_Avg,0.38402797864573784,2.7070564995559567e-137,False
20,AntiSSA_Avg,PlateletCount_Avg,0.03358499763622407,0.035943080829637646,False
21,AntiSSA_Avg,RibosomalPProtein_Avg,-0.02481934657753659,0.1211635181332019,False
22,AntiSSA_Avg,MeanCorpuscularHemoglobin_Avg,-0.169362338856714,1.7125858841842735e-26,False
23,AntiSSA_Avg,Gender,0.07034872712902475,1.0931294068020263e-05,False
24,AntiSSA_Avg,FirstVisitAge,-0.25094784701896716,4.308178836656649e-57,False
25,AntiSSA_Avg,CIndU,-0.014467695559145746,0.36632382107887884,False
26,MeanCorpuscularVolume_Avg,AntiSSA_Avg,-0.17539828842870397,2.5285046643195325e-28,False
27,MeanCorpuscularVolume_Avg,SMRNP_Avg,0.025012915140859265,0.11828798966477203,False
28,MeanCorpuscularVolume_Avg,PlateletDistributionWidth_Avg,0.3603568722171578,6.037002755622888e-120,False
29,MeanCorpuscularVolume_Avg,WhiteBloodCellCount_Avg,0.07058305492739882,1.021523705387028e-05,False
30,MeanCorpuscularVolume_Avg,MeanPlateletVolume_Avg,-0.2187004674605107,1.8552274712142596e-43,False
31,MeanCorpuscularVolume_Avg,Nucleosome_Avg,-0.37795774125820786,1.048544645911586e-132,False
32,MeanCorpuscularVolume_Avg,EosinophilCountAbsolute_Avg,-0.2950616687876241,3.282573065399263e-79,False
33,MeanCorpuscularVolume_Avg,Hemoglobin_Avg,0.3905530689474663,2.4593990848769173e-142,False
34,MeanCorpuscularVolume_Avg,NeutrophilsPercentage_Avg,0.35618189849171555,4.916510142814491e-117,False
35,MeanCorpuscularVolume_Avg,BasophilsPercentage_Avg,0.06314142348367578,7.934817780188559e-05,False
36,MeanCorpuscularVolume_Avg,LymphocytesPercentage_Avg,-0.3703940620540462,3.999169436773692e-127,False
37,MeanCorpuscularVolume_Avg,AntiJo1_Avg,-0.030132128720403974,0.05986097519350548,False
38,MeanCorpuscularVolume_Avg,EosinophilsPercentage_Avg,-0.1810878931976124,4.126732218724777e-30,False
39,MeanCorpuscularVolume_Avg,AbsoluteLymphocyteCount_Avg,-0.5096645119545937,5.533553775445803e-257,False
40,MeanCorpuscularVolume_Avg,AbsoluteEosinophilCount_Avg,-0.22178676270741304,1.1289747279396567e-44,False
41,MeanCorpuscularVolume_Avg,MeanCorpuscularHemoglobinConcentration_Avg,-0.14896022683549723,8.519719448636508e-21,False
42,MeanCorpuscularVolume_Avg,ImmunoglobulinE_Avg,-0.11253555830860851,1.8034744845286917e-12,False
43,MeanCorpuscularVolume_Avg,MonocytesPercentage_Avg,0.12184675311018996,2.2349819959961994e-14,False
44,MeanCorpuscularVolume_Avg,CReactiveProtein_Avg,0.010983644006872628,0.49282844243375623,False
45,MeanCorpuscularVolume_Avg,Ro52_Avg,-0.040379344995712906,0.011661245838921495,False
46,MeanCorpuscularVolume_Avg,PlateletCount_Avg,-0.239783255392546,3.889594510060129e-52,False
47,MeanCorpuscularVolume_Avg,RibosomalPProtein_Avg,-0.12988018838905596,3.825196596535491e-16,False
48,MeanCorpuscularVolume_Avg,MeanCorpuscularHemoglobin_Avg,0.903781058744255,0.0,True
49,MeanCorpuscularVolume_Avg,Gender,-0.20290609324350253,1.5888471198677794e-37,False
50,MeanCorpuscularVolume_Avg,FirstVisitAge,0.6239054563224944,0.0,False
51,MeanCorpuscularVolume_Avg,CIndU,0.017340734206647085,0.2788964766525675,False
52,SMRNP_Avg,AntiSSA_Avg,0.09282222304023932,6.315796006051115e-09,False
53,SMRNP_Avg,MeanCorpuscularVolume_Avg,0.025012915140859265,0.11828798966477203,False
54,SMRNP_Avg,PlateletDistributionWidth_Avg,0.01586579820113901,0.3218366948108629,False
55,SMRNP_Avg,WhiteBloodCellCount_Avg,0.005743192685180134,0.7198971550327422,False
56,SMRNP_Avg,MeanPlateletVolume_Avg,-0.07126708423115356,8.372215042126505e-06,False
57,SMRNP_Avg,Nucleosome_Avg,0.0412545455933426,0.009967721052761572,False
58,SMRNP_Avg,EosinophilCountAbsolute_Avg,-0.003160025061101539,0.8435880523316701,False
59,SMRNP_Avg,Hemoglobin_Avg,0.014334978884898717,0.3707373962847612,False
60,SMRNP_Avg,NeutrophilsPercentage_Avg,0.007384013755735853,0.6447633713585353,False
61,SMRNP_Avg,BasophilsPercentage_Avg,0.04061841884762369,0.011174992124567159,False
62,SMRNP_Avg,LymphocytesPercentage_Avg,-0.02046572092385307,0.20125933586711203,False
63,SMRNP_Avg,AntiJo1_Avg,-0.018211375907385752,0.25546487187428507,False
64,SMRNP_Avg,EosinophilsPercentage_Avg,0.01642017706594129,0.3052161685400548,False
65,SMRNP_Avg,AbsoluteLymphocyteCount_Avg,-0.0364551421298518,0.022789697606715825,False
66,SMRNP_Avg,AbsoluteEosinophilCount_Avg,0.010029103777261924,0.5311754888155578,False
67,SMRNP_Avg,MeanCorpuscularHemoglobinConcentration_Avg,-0.0015358263212839401,0.923604812730735,False
68,SMRNP_Avg,ImmunoglobulinE_Avg,-0.019886973691543554,0.21430111600655932,False
69,SMRNP_Avg,MonocytesPercentage_Avg,0.047845133554331884,0.0027983279744278147,False
70,SMRNP_Avg,CReactiveProtein_Avg,-0.037091040380136164,0.020520822226403234,False
71,SMRNP_Avg,Ro52_Avg,0.03816203805245149,0.017142903047867804,False
72,SMRNP_Avg,PlateletCount_Avg,0.016916289774574055,0.29083375190399013,False
73,SMRNP_Avg,RibosomalPProtein_Avg,0.06534715423495212,4.4169995134543444e-05,False
74,SMRNP_Avg,MeanCorpuscularHemoglobin_Avg,0.021265100099092844,0.18421120605616295,False
75,SMRNP_Avg,Gender,0.0009437341488219491,0.9530119593471578,False
76,SMRNP_Avg,FirstVisitAge,0.02994254946483463,0.0614878115355919,False
77,SMRNP_Avg,CIndU,-0.0006861763344168157,0.9658263180596967,False
78,PlateletDistributionWidth_Avg,AntiSSA_Avg,-0.18099127796360628,4.430535958481871e-30,False
79,PlateletDistributionWidth_Avg,MeanCorpuscularVolume_Avg,0.3603568722171578,6.037002755622888e-120,False
80,PlateletDistributionWidth_Avg,SMRNP_Avg,0.01586579820113901,0.3218366948108629,False
81,PlateletDistributionWidth_Avg,WhiteBloodCellCount_Avg,0.04014632304077269,0.012153154816413842,False
82,PlateletDistributionWidth_Avg,MeanPlateletVolume_Avg,-0.16044781097708333,6.5404525128320636e-24,False
83,PlateletDistributionWidth_Avg,Nucleosome_Avg,-0.3765486678765133,1.179492546104471e-131,False
84,PlateletDistributionWidth_Avg,EosinophilCountAbsolute_Avg,-0.21904872169073605,1.3556505660146322e-43,False
85,PlateletDistributionWidth_Avg,Hemoglobin_Avg,0.22719163648253277,7.563446299971233e-47,False
86,PlateletDistributionWidth_Avg,NeutrophilsPercentage_Avg,0.3056169904335893,3.985570594563434e-85,False
87,PlateletDistributionWidth_Avg,BasophilsPercentage_Avg,0.13135047998711705,1.7663196764772018e-16,False
88,PlateletDistributionWidth_Avg,LymphocytesPercentage_Avg,-0.32808894896172175,1.4628612079414669e-98,False
89,PlateletDistributionWidth_Avg,AntiJo1_Avg,-0.01058320796609445,0.5087325524201511,False
90,PlateletDistributionWidth_Avg,EosinophilsPercentage_Avg,-0.10529177426446257,4.323756561469181e-11,False
91,PlateletDistributionWidth_Avg,AbsoluteLymphocyteCount_Avg,-0.45633817402146,5.62371506995611e-200,False
92,PlateletDistributionWidth_Avg,AbsoluteEosinophilCount_Avg,-0.1631451748176717,1.1210698599137606e-24,False
93,PlateletDistributionWidth_Avg,MeanCorpuscularHemoglobinConcentration_Avg,-0.081950838398102,2.9680173383166565e-07,False
94,PlateletDistributionWidth_Avg,ImmunoglobulinE_Avg,-0.09785231555091016,9.102495309649407e-10,False
95,PlateletDistributionWidth_Avg,MonocytesPercentage_Avg,0.08610272584060079,7.200934796316488e-08,False
96,PlateletDistributionWidth_Avg,CReactiveProtein_Avg,0.03625591338098369,0.023543989357172734,False
97,PlateletDistributionWidth_Avg,Ro52_Avg,-0.13338501887887777,5.976151016113229e-17,False
98,PlateletDistributionWidth_Avg,PlateletCount_Avg,-0.2592570213094463,6.039982740937384e-61,False
99,PlateletDistributionWidth_Avg,RibosomalPProtein_Avg,-0.08461081676893428,1.207084456110036e-07,False
100,PlateletDistributionWidth_Avg,MeanCorpuscularHemoglobin_Avg,0.36163633316074834,7.585454926416738e-121,False
101,PlateletDistributionWidth_Avg,Gender,-0.19420000610584945,1.8500342642382983e-34,False
102,PlateletDistributionWidth_Avg,FirstVisitAge,0.4734417525909176,3.5950800604633077e-217,False
103,PlateletDistributionWidth_Avg,CIndU,0.04407072092239958,0.005904759178135309,False
104,WhiteBloodCellCount_Avg,AntiSSA_Avg,-0.053294474472077455,0.0008685680497209039,False
105,WhiteBloodCellCount_Avg,MeanCorpuscularVolume_Avg,0.07058305492739882,1.021523705387028e-05,False
106,WhiteBloodCellCount_Avg,SMRNP_Avg,0.005743192685180134,0.7198971550327422,False
107,WhiteBloodCellCount_Avg,PlateletDistributionWidth_Avg,0.04014632304077269,0.012153154816413842,False
108,WhiteBloodCellCount_Avg,MeanPlateletVolume_Avg,-0.0021099558284613505,0.8951887559685237,False
109,WhiteBloodCellCount_Avg,Nucleosome_Avg,-0.1926768761471734,6.149681421153589e-34,False
110,WhiteBloodCellCount_Avg,EosinophilCountAbsolute_Avg,-0.12980217947090505,3.984305053180992e-16,False
111,WhiteBloodCellCount_Avg,Hemoglobin_Avg,0.11009065051933166,5.3939641407235605e-12,False
112,WhiteBloodCellCount_Avg,NeutrophilsPercentage_Avg,0.36120328143533686,1.5323108660504973e-120,False
113,WhiteBloodCellCount_Avg,BasophilsPercentage_Avg,-0.1828135532223935,1.1525735197332707e-30,False
114,WhiteBloodCellCount_Avg,LymphocytesPercentage_Avg,-0.33216804626528823,3.987270155814346e-101,False
115,WhiteBloodCellCount_Avg,AntiJo1_Avg,0.03478817342101046,0.02979834507494448,False
116,WhiteBloodCellCount_Avg,EosinophilsPercentage_Avg,-0.29784158291770857,9.59905335491885e-81,False
117,WhiteBloodCellCount_Avg,AbsoluteLymphocyteCount_Avg,0.04426330308803533,0.00569112923337146,False
118,WhiteBloodCellCount_Avg,AbsoluteEosinophilCount_Avg,-0.12403298222464389,7.580333699384132e-15,False
119,WhiteBloodCellCount_Avg,MeanCorpuscularHemoglobinConcentration_Avg,-0.06519748982973557,4.5987678400758684e-05,False
120,WhiteBloodCellCount_Avg,ImmunoglobulinE_Avg,0.11560336340286394,4.4103566189220893e-13,False
121,WhiteBloodCellCount_Avg,MonocytesPercentage_Avg,-0.09165996632365038,9.74329238449732e-09,False
122,WhiteBloodCellCount_Avg,CReactiveProtein_Avg,0.10595458931722362,3.261105291742902e-11,False
123,WhiteBloodCellCount_Avg,Ro52_Avg,-0.13880848474970675,3.0626888637039545e-18,False
124,WhiteBloodCellCount_Avg,PlateletCount_Avg,0.1501791207410828,4.0849930999854604e-21,False
125,WhiteBloodCellCount_Avg,RibosomalPProtein_Avg,0.012728992436488748,0.4267271524304056,False
126,WhiteBloodCellCount_Avg,MeanCorpuscularHemoglobin_Avg,0.05366977348085055,0.0007981123088010795,False
127,WhiteBloodCellCount_Avg,Gender,-0.03592153708694233,0.02485867201719374,False
128,WhiteBloodCellCount_Avg,FirstVisitAge,0.012239385625711852,0.44472959062597883,False
129,WhiteBloodCellCount_Avg,CIndU,-0.018640251802835378,0.24443998217143012,False
130,MeanPlateletVolume_Avg,AntiSSA_Avg,0.03594949109326069,0.024746380317666197,False
131,MeanPlateletVolume_Avg,MeanCorpuscularVolume_Avg,-0.2187004674605107,1.8552274712142596e-43,False
132,MeanPlateletVolume_Avg,SMRNP_Avg,-0.07126708423115358,8.372215042126488e-06,False
133,MeanPlateletVolume_Avg,PlateletDistributionWidth_Avg,-0.1604478109770833,6.540452512832111e-24,False
134,MeanPlateletVolume_Avg,WhiteBloodCellCount_Avg,-0.00210995582846135,0.8951887559685237,False
135,MeanPlateletVolume_Avg,Nucleosome_Avg,0.17667628415553316,1.0153709543033704e-28,False
136,MeanPlateletVolume_Avg,EosinophilCountAbsolute_Avg,0.07782444401241369,1.1354467222107196e-06,False
137,MeanPlateletVolume_Avg,Hemoglobin_Avg,-0.08539431538483434,9.212638417139289e-08,False
138,MeanPlateletVolume_Avg,NeutrophilsPercentage_Avg,-0.08258846631726219,2.398198950852987e-07,False
139,MeanPlateletVolume_Avg,BasophilsPercentage_Avg,-0.26880901711417676,1.4951096899872186e-65,False
140,MeanPlateletVolume_Avg,LymphocytesPercentage_Avg,0.11574310790882532,4.132609241851208e-13,False
141,MeanPlateletVolume_Avg,AntiJo1_Avg,0.02151581312287831,0.17909097017531644,False
142,MeanPlateletVolume_Avg,EosinophilsPercentage_Avg,-0.0097432276736219,0.5429475473603814,False
143,MeanPlateletVolume_Avg,AbsoluteLymphocyteCount_Avg,0.2832878118066498,6.689330958609785e-73,False
144,MeanPlateletVolume_Avg,AbsoluteEosinophilCount_Avg,0.06999141816010827,1.211608405784191e-05,False
145,MeanPlateletVolume_Avg,MeanCorpuscularHemoglobinConcentration_Avg,-0.06579031915551489,3.917885349233084e-05,False
146,MeanPlateletVolume_Avg,ImmunoglobulinE_Avg,0.10041194296292584,3.2699321319996687e-10,False
147,MeanPlateletVolume_Avg,MonocytesPercentage_Avg,-0.11162899275338703,2.714804482919822e-12,False
148,MeanPlateletVolume_Avg,CReactiveProtein_Avg,0.07664992346308486,1.6437308044969483e-06,False
149,MeanPlateletVolume_Avg,Ro52_Avg,0.0395290746808344,0.013546088053759568,False
150,MeanPlateletVolume_Avg,PlateletCount_Avg,-0.2998806395373067,7.017419346433222e-82,False
151,MeanPlateletVolume_Avg,RibosomalPProtein_Avg,0.05572016555359494,0.0004981318090752136,False
152,MeanPlateletVolume_Avg,MeanCorpuscularHemoglobin_Avg,-0.2703902855846944,2.4756300482205984e-66,False
153,MeanPlateletVolume_Avg,Gender,0.09969608945391395,4.3652822852581424e-10,False
154,MeanPlateletVolume_Avg,FirstVisitAge,-0.31077155012937047,4.177426830352869e-88,False
155,MeanPlateletVolume_Avg,CIndU,-0.0409108361362276,0.010604774724827406,False
156,Nucleosome_Avg,AntiSSA_Avg,0.2892947782030829,4.4079569115993265e-76,False
157,Nucleosome_Avg,MeanCorpuscularVolume_Avg,-0.37795774125820786,1.048544645911586e-132,False
158,Nucleosome_Avg,SMRNP_Avg,0.0412545455933426,0.009967721052761572,False
159,Nucleosome_Avg,PlateletDistributionWidth_Avg,-0.3765486678765133,1.179492546104471e-131,False
160,Nucleosome_Avg,WhiteBloodCellCount_Avg,-0.1926768761471734,6.149681421153589e-34,False
161,Nucleosome_Avg,MeanPlateletVolume_Avg,0.17667628415553313,1.0153709543033855e-28,False
162,Nucleosome_Avg,EosinophilCountAbsolute_Avg,0.2835153332229676,5.0852964324835e-73,False
163,Nucleosome_Avg,Hemoglobin_Avg,-0.28753951756629653,3.818383485000633e-75,False
164,Nucleosome_Avg,NeutrophilsPercentage_Avg,-0.3842383836335433,1.869433875938666e-137,False
165,Nucleosome_Avg,BasophilsPercentage_Avg,-0.04775081349642157,0.0028528367295454124,False
166,Nucleosome_Avg,LymphocytesPercentage_Avg,0.39693750072383976,2.2181163061659683e-147,False
167,Nucleosome_Avg,AntiJo1_Avg,-0.004649305107946209,0.7715907631606969,False
168,Nucleosome_Avg,EosinophilsPercentage_Avg,0.1838481142420402,5.3323451917006135e-31,False
169,Nucleosome_Avg,AbsoluteLymphocyteCount_Avg,0.4206563194415516,4.014369601895713e-167,False
170,Nucleosome_Avg,AbsoluteEosinophilCount_Avg,0.21015421238215107,3.453220256986956e-40,False
171,Nucleosome_Avg,MeanCorpuscularHemoglobinConcentration_Avg,0.09320020951607502,5.479030466334152e-09,False
172,Nucleosome_Avg,ImmunoglobulinE_Avg,-0.09134898963391672,1.093185866554245e-08,False
173,Nucleosome_Avg,MonocytesPercentage_Avg,-0.10727730035019634,1.8478045483967744e-11,False
174,Nucleosome_Avg,CReactiveProtein_Avg,-0.07532121922760207,2.482095810184744e-06,False
175,Nucleosome_Avg,Ro52_Avg,0.34395226048557886,9.312338481075703e-109,False
176,Nucleosome_Avg,PlateletCount_Avg,0.07999447977107409,5.652957275903806e-07,False
177,Nucleosome_Avg,RibosomalPProtein_Avg,0.1309332441655109,2.2013401141646275e-16,False
178,Nucleosome_Avg,MeanCorpuscularHemoglobin_Avg,-0.3737213491239243,1.4624089673747884e-129,False
179,Nucleosome_Avg,Gender,0.17566413179734527,2.092608880882545e-28,False
180,Nucleosome_Avg,FirstVisitAge,-0.44001951101554543,1.8395465610524047e-184,False
181,Nucleosome_Avg,CIndU,-0.018257233784747112,0.25426979586285847,False
182,EosinophilCountAbsolute_Avg,AntiSSA_Avg,0.16897533086815783,2.2323160359160552e-26,False
183,EosinophilCountAbsolute_Avg,MeanCorpuscularVolume_Avg,-0.2950616687876241,3.282573065399263e-79,False
184,EosinophilCountAbsolute_Avg,SMRNP_Avg,-0.0031600250611015395,0.8435880523316701,False
185,EosinophilCountAbsolute_Avg,PlateletDistributionWidth_Avg,-0.21904872169073605,1.3556505660146322e-43,False
186,EosinophilCountAbsolute_Avg,WhiteBloodCellCount_Avg,-0.12980217947090508,3.984305053180906e-16,False
187,EosinophilCountAbsolute_Avg,MeanPlateletVolume_Avg,0.07782444401241369,1.1354467222107196e-06,False
188,EosinophilCountAbsolute_Avg,Nucleosome_Avg,0.2835153332229676,5.0852964324835e-73,False
189,EosinophilCountAbsolute_Avg,Hemoglobin_Avg,-0.18135723510927151,3.384635131635655e-30,False
190,EosinophilCountAbsolute_Avg,NeutrophilsPercentage_Avg,-0.4600408708157498,1.2893482132517285e-203,False
191,EosinophilCountAbsolute_Avg,BasophilsPercentage_Avg,0.21570255574695268,2.7010122532598135e-42,False
192,EosinophilCountAbsolute_Avg,LymphocytesPercentage_Avg,0.39707027585570404,1.7373237755951289e-147,False
193,EosinophilCountAbsolute_Avg,AntiJo1_Avg,-0.004475598120667187,0.7799005338225885,False
194,EosinophilCountAbsolute_Avg,EosinophilsPercentage_Avg,0.6352645356427101,0.0,False
195,EosinophilCountAbsolute_Avg,AbsoluteLymphocyteCount_Avg,0.353640209203933,2.7694087013268796e-115,False
196,EosinophilCountAbsolute_Avg,AbsoluteEosinophilCount_Avg,0.6903092364621896,0.0,False
197,EosinophilCountAbsolute_Avg,MeanCorpuscularHemoglobinConcentration_Avg,0.08499725375268,1.0567820948480101e-07,False
198,EosinophilCountAbsolute_Avg,ImmunoglobulinE_Avg,0.05269510825389921,0.0009931393991311755,False
199,EosinophilCountAbsolute_Avg,MonocytesPercentage_Avg,0.0006545402692096707,0.9674009931164788,False
200,EosinophilCountAbsolute_Avg,CReactiveProtein_Avg,-0.18450264235905514,3.266664954790047e-31,False
201,EosinophilCountAbsolute_Avg,Ro52_Avg,0.0516625073589339,0.0012472105143720629,False
202,EosinophilCountAbsolute_Avg,PlateletCount_Avg,0.11891619875562387,9.239795648925108e-14,False
203,EosinophilCountAbsolute_Avg,RibosomalPProtein_Avg,0.11455756151320948,7.158274422946385e-13,False
204,EosinophilCountAbsolute_Avg,MeanCorpuscularHemoglobin_Avg,-0.2775182565329622,6.41960464281454e-70,False
205,EosinophilCountAbsolute_Avg,Gender,0.1822841571303536,1.706843285815307e-30,False
206,EosinophilCountAbsolute_Avg,FirstVisitAge,-0.3700092842213771,7.619583374499517e-127,False
207,EosinophilCountAbsolute_Avg,CIndU,0.03499864785849277,0.028821887196686,False
208,Hemoglobin_Avg,AntiSSA_Avg,-0.1218500301275325,2.2313946766077786e-14,False
209,Hemoglobin_Avg,MeanCorpuscularVolume_Avg,0.3905530689474663,2.4593990848769173e-142,False
210,Hemoglobin_Avg,SMRNP_Avg,0.014334978884898717,0.3707373962847612,False
211,Hemoglobin_Avg,PlateletDistributionWidth_Avg,0.22719163648253277,7.563446299971233e-47,False
212,Hemoglobin_Avg,WhiteBloodCellCount_Avg,0.11009065051933166,5.3939641407235605e-12,False
213,Hemoglobin_Avg,MeanPlateletVolume_Avg,-0.08539431538483433,9.212638417139289e-08,False
214,Hemoglobin_Avg,Nucleosome_Avg,-0.28753951756629653,3.818383485000633e-75,False
215,Hemoglobin_Avg,EosinophilCountAbsolute_Avg,-0.18135723510927151,3.384635131635655e-30,False
216,Hemoglobin_Avg,NeutrophilsPercentage_Avg,0.2672483764072963,8.71595140263657e-65,False
217,Hemoglobin_Avg,BasophilsPercentage_Avg,0.05288101538380512,0.0009528351929458656,False
218,Hemoglobin_Avg,LymphocytesPercentage_Avg,-0.27585536618050893,4.505925878593143e-69,False
219,Hemoglobin_Avg,AntiJo1_Avg,-0.005383026413116311,0.7367896718800591,False
220,Hemoglobin_Avg,EosinophilsPercentage_Avg,-0.10146162632531122,2.132894347065586e-10,False
221,Hemoglobin_Avg,AbsoluteLymphocyteCount_Avg,-0.2951843755636537,2.811016609195925e-79,False
222,Hemoglobin_Avg,AbsoluteEosinophilCount_Avg,-0.09799148014525913,8.615370080747199e-10,False
223,Hemoglobin_Avg,MeanCorpuscularHemoglobinConcentration_Avg,0.08310021126007029,2.0187796492824282e-07,False
224,Hemoglobin_Avg,ImmunoglobulinE_Avg,0.05902963085842338,0.00022521940697188176,False
225,Hemoglobin_Avg,MonocytesPercentage_Avg,0.09763432739114683,9.91996495958062e-10,False
226,Hemoglobin_Avg,CReactiveProtein_Avg,-0.035168302979052185,0.028054970046315377,False
227,Hemoglobin_Avg,Ro52_Avg,-0.045078330894720214,0.0048620988407631375,False
228,Hemoglobin_Avg,PlateletCount_Avg,-0.12347424321663247,1.0011410003657729e-14,False
229,Hemoglobin_Avg,RibosomalPProtein_Avg,0.0035828340484383007,0.8229863875245136,False
230,Hemoglobin_Avg,MeanCorpuscularHemoglobin_Avg,0.4480902146844728,4.983524446165495e-192,False
231,Hemoglobin_Avg,Gender,-0.09245882829864883,7.236713831272431e-09,False
232,Hemoglobin_Avg,FirstVisitAge,0.3576262951145572,4.892813933239897e-118,False
233,Hemoglobin_Avg,CIndU,0.021427586514170673,0.1808805929750579,False
234,NeutrophilsPercentage_Avg,AntiSSA_Avg,-0.18066037144350378,5.649186532745569e-30,False
235,NeutrophilsPercentage_Avg,MeanCorpuscularVolume_Avg,0.35618189849171555,4.916510142814491e-117,False
236,NeutrophilsPercentage_Avg,SMRNP_Avg,0.007384013755735852,0.6447633713585353,False
237,NeutrophilsPercentage_Avg,PlateletDistributionWidth_Avg,0.3056169904335893,3.985570594563434e-85,False
238,NeutrophilsPercentage_Avg,WhiteBloodCellCount_Avg,0.36120328143533686,1.5323108660504973e-120,False
239,NeutrophilsPercentage_Avg,MeanPlateletVolume_Avg,-0.08258846631726219,2.398198950852987e-07,False
240,NeutrophilsPercentage_Avg,Nucleosome_Avg,-0.3842383836335433,1.869433875938666e-137,False
241,NeutrophilsPercentage_Avg,EosinophilCountAbsolute_Avg,-0.46004087081574974,1.2893482132521684e-203,False
242,NeutrophilsPercentage_Avg,Hemoglobin_Avg,0.2672483764072964,8.715951402635825e-65,False
243,NeutrophilsPercentage_Avg,BasophilsPercentage_Avg,-0.2847710478715388,1.1147190510983358e-73,False
244,NeutrophilsPercentage_Avg,LymphocytesPercentage_Avg,-0.9735824852318762,0.0,True
245,NeutrophilsPercentage_Avg,AntiJo1_Avg,0.009432931037602387,0.5558705559255189,False
246,NeutrophilsPercentage_Avg,EosinophilsPercentage_Avg,-0.6062757322686342,0.0,False
247,NeutrophilsPercentage_Avg,AbsoluteLymphocyteCount_Avg,-0.5684838284973643,0.0,False
248,NeutrophilsPercentage_Avg,AbsoluteEosinophilCount_Avg,-0.5177604222780675,1.4743984294642291e-266,False
249,NeutrophilsPercentage_Avg,MeanCorpuscularHemoglobinConcentration_Avg,-0.13392081195751232,4.4798462285978217e-17,False
250,NeutrophilsPercentage_Avg,ImmunoglobulinE_Avg,0.025011001792967745,0.11831614895898931,False
251,NeutrophilsPercentage_Avg,MonocytesPercentage_Avg,-0.12365079435603006,9.170255874507556e-15,False
252,NeutrophilsPercentage_Avg,CReactiveProtein_Avg,0.3131563268401323,1.667315610692037e-89,False
253,NeutrophilsPercentage_Avg,Ro52_Avg,-0.03835181056359609,0.01659814739564638,False
254,NeutrophilsPercentage_Avg,PlateletCount_Avg,-0.06780461351778348,2.2505768344857053e-05,False
255,NeutrophilsPercentage_Avg,RibosomalPProtein_Avg,-0.07519546854280851,2.5799200249953783e-06,False
256,NeutrophilsPercentage_Avg,MeanCorpuscularHemoglobin_Avg,0.32327431116861394,1.386264018006298e-95,False
257,NeutrophilsPercentage_Avg,Gender,-0.15895799474128627,1.7100670333223512e-23,False
258,NeutrophilsPercentage_Avg,FirstVisitAge,0.485511800811724,6.5875141653463685e-230,False
259,NeutrophilsPercentage_Avg,CIndU,-0.055495412849835134,0.0005249461382511458,False
260,BasophilsPercentage_Avg,AntiSSA_Avg,0.008162783980441386,0.6102783663965425,False
261,BasophilsPercentage_Avg,MeanCorpuscularVolume_Avg,0.06314142348367578,7.934817780188559e-05,False
262,BasophilsPercentage_Avg,SMRNP_Avg,0.04061841884762369,0.011174992124567159,False
263,BasophilsPercentage_Avg,PlateletDistributionWidth_Avg,0.13135047998711705,1.7663196764772018e-16,False
264,BasophilsPercentage_Avg,WhiteBloodCellCount_Avg,-0.18281355322239354,1.1525735197332376e-30,False
265,BasophilsPercentage_Avg,MeanPlateletVolume_Avg,-0.26880901711417676,1.4951096899872186e-65,False
266,BasophilsPercentage_Avg,Nucleosome_Avg,-0.04775081349642157,0.0028528367295454124,False
267,BasophilsPercentage_Avg,EosinophilCountAbsolute_Avg,0.21570255574695268,2.7010122532598135e-42,False
268,BasophilsPercentage_Avg,Hemoglobin_Avg,0.05288101538380513,0.0009528351929458656,False
269,BasophilsPercentage_Avg,NeutrophilsPercentage_Avg,-0.2847710478715388,1.1147190510983358e-73,False
270,BasophilsPercentage_Avg,LymphocytesPercentage_Avg,0.21201846562531987,6.870766714920887e-41,False
271,BasophilsPercentage_Avg,AntiJo1_Avg,-0.0438118689505758,0.0062032789982620195,False
272,BasophilsPercentage_Avg,EosinophilsPercentage_Avg,0.4236078112803725,1.0799040821950074e-169,False
273,BasophilsPercentage_Avg,AbsoluteLymphocyteCount_Avg,-0.07479559468922815,2.9161833488981555e-06,False
274,BasophilsPercentage_Avg,AbsoluteEosinophilCount_Avg,0.3220341669482982,7.939642383084462e-95,False
275,BasophilsPercentage_Avg,MeanCorpuscularHemoglobinConcentration_Avg,0.05792483343832547,0.00029488966853005765,False
276,BasophilsPercentage_Avg,ImmunoglobulinE_Avg,-0.045824225603540866,0.004200807351978194,False
277,BasophilsPercentage_Avg,MonocytesPercentage_Avg,0.1774841685641201,5.683112666513722e-29,False
278,BasophilsPercentage_Avg,CReactiveProtein_Avg,-0.1872786608779325,4.0051934564044765e-32,False
279,BasophilsPercentage_Avg,Ro52_Avg,-0.00014302498895796568,0.992874834025044,False
280,BasophilsPercentage_Avg,PlateletCount_Avg,0.021030757275655395,0.1890943368246711,False
281,BasophilsPercentage_Avg,RibosomalPProtein_Avg,0.004154437984086661,0.7953298766620192,False
282,BasophilsPercentage_Avg,MeanCorpuscularHemoglobin_Avg,0.09803735428676671,8.46043641274904e-10,False
283,BasophilsPercentage_Avg,Gender,0.03190901141772847,0.04627882634711442,False
284,BasophilsPercentage_Avg,FirstVisitAge,0.12024797129798265,4.868581543298037e-14,False
285,BasophilsPercentage_Avg,CIndU,0.07850692230510382,9.135957756644505e-07,False
286,LymphocytesPercentage_Avg,AntiSSA_Avg,0.1758996288604684,1.769228371665115e-28,False
287,LymphocytesPercentage_Avg,MeanCorpuscularVolume_Avg,-0.3703940620540462,3.999169436773692e-127,False
288,LymphocytesPercentage_Avg,SMRNP_Avg,-0.02046572092385307,0.20125933586711203,False
289,LymphocytesPercentage_Avg,PlateletDistributionWidth_Avg,-0.32808894896172175,1.4628612079414669e-98,False
290,LymphocytesPercentage_Avg,WhiteBloodCellCount_Avg,-0.3321680462652883,3.98727015581412e-101,False
291,LymphocytesPercentage_Avg,MeanPlateletVolume_Avg,0.11574310790882532,4.132609241851208e-13,False
292,LymphocytesPercentage_Avg,Nucleosome_Avg,0.3969375007238398,2.21811630616559e-147,False
293,LymphocytesPercentage_Avg,EosinophilCountAbsolute_Avg,0.39707027585570404,1.7373237755951289e-147,False
294,LymphocytesPercentage_Avg,Hemoglobin_Avg,-0.275855366180509,4.5059258785930153e-69,False
295,LymphocytesPercentage_Avg,NeutrophilsPercentage_Avg,-0.9735824852318762,0.0,True
296,LymphocytesPercentage_Avg,BasophilsPercentage_Avg,0.2120184656253199,6.87076671492069e-41,False
297,LymphocytesPercentage_Avg,AntiJo1_Avg,-0.008198618155169748,0.6087114285402532,False
298,LymphocytesPercentage_Avg,EosinophilsPercentage_Avg,0.49312391885801166,3.304101678289761e-238,False
299,LymphocytesPercentage_Avg,AbsoluteLymphocyteCount_Avg,0.6103473590267877,0.0,False
300,LymphocytesPercentage_Avg,AbsoluteEosinophilCount_Avg,0.42258791513284494,8.40319876081356e-169,False
301,LymphocytesPercentage_Avg,MeanCorpuscularHemoglobinConcentration_Avg,0.12447629067997801,6.073665453401624e-15,False
302,LymphocytesPercentage_Avg,ImmunoglobulinE_Avg,-0.022196136716159658,0.16573088804098288,False
303,LymphocytesPercentage_Avg,MonocytesPercentage_Avg,0.03408785660575878,0.0332546544985583,False
304,LymphocytesPercentage_Avg,CReactiveProtein_Avg,-0.28651262834919955,1.3406857911689393e-74,False
305,LymphocytesPercentage_Avg,Ro52_Avg,0.03984583788006612,0.012814564031045106,False
306,LymphocytesPercentage_Avg,PlateletCount_Avg,0.08489316235883168,1.0953839641153541e-07,False
307,LymphocytesPercentage_Avg,RibosomalPProtein_Avg,0.06903501887457882,1.5920205854246033e-05,False
308,LymphocytesPercentage_Avg,MeanCorpuscularHemoglobin_Avg,-0.34166196067155824,3.0092935108163344e-107,False
309,LymphocytesPercentage_Avg,Gender,0.14192778784817248,5.252489543907717e-19,False
310,LymphocytesPercentage_Avg,FirstVisitAge,-0.5099316186784626,2.6991548876849484e-257,False
311,LymphocytesPercentage_Avg,CIndU,0.04348596049083424,0.00659841608235122,False
312,AntiJo1_Avg,AntiSSA_Avg,0.08311382145804845,2.009526174958766e-07,False
313,AntiJo1_Avg,MeanCorpuscularVolume_Avg,-0.030132128720403974,0.05986097519350548,False
314,AntiJo1_Avg,SMRNP_Avg,-0.018211375907385752,0.25546487187428507,False
315,AntiJo1_Avg,PlateletDistributionWidth_Avg,-0.010583207966094448,0.5087325524201516,False
316,AntiJo1_Avg,WhiteBloodCellCount_Avg,0.03478817342101046,0.02979834507494448,False
317,AntiJo1_Avg,MeanPlateletVolume_Avg,0.02151581312287831,0.17909097017531644,False
318,AntiJo1_Avg,Nucleosome_Avg,-0.004649305107946209,0.7715907631606969,False
319,AntiJo1_Avg,EosinophilCountAbsolute_Avg,-0.004475598120667187,0.7799005338225885,False
320,AntiJo1_Avg,Hemoglobin_Avg,-0.00538302641311631,0.7367896718800593,False
321,AntiJo1_Avg,NeutrophilsPercentage_Avg,0.009432931037602389,0.5558705559255189,False
322,AntiJo1_Avg,BasophilsPercentage_Avg,-0.04381186895057581,0.006203278998262004,False
323,AntiJo1_Avg,LymphocytesPercentage_Avg,-0.008198618155169748,0.6087114285402532,False
324,AntiJo1_Avg,EosinophilsPercentage_Avg,-0.011320527646742943,0.4796575809223418,False
325,AntiJo1_Avg,AbsoluteLymphocyteCount_Avg,0.02731252751887482,0.08807197319060889,False
326,AntiJo1_Avg,AbsoluteEosinophilCount_Avg,0.0009847786828049044,0.9509708924790254,False
327,AntiJo1_Avg,MeanCorpuscularHemoglobinConcentration_Avg,-0.01494234351321928,0.350808778631837,False
328,AntiJo1_Avg,ImmunoglobulinE_Avg,0.03459365396380112,0.03072592982010898,False
329,AntiJo1_Avg,MonocytesPercentage_Avg,-0.01937164286047197,0.22641723774863437,False
330,AntiJo1_Avg,CReactiveProtein_Avg,0.012768829706687511,0.4252812912852597,False
331,AntiJo1_Avg,Ro52_Avg,0.036803999616537686,0.021519380335622635,False
332,AntiJo1_Avg,PlateletCount_Avg,0.015500794149621602,0.33309618362226234,False
333,AntiJo1_Avg,RibosomalPProtein_Avg,0.033349053402006,0.037267042295903156,False
334,AntiJo1_Avg,MeanCorpuscularHemoglobin_Avg,-0.035092378155606084,0.02839598317327058,False
335,AntiJo1_Avg,Gender,0.010821499823935021,0.49923605211366084,False
336,AntiJo1_Avg,FirstVisitAge,-0.024238869082735436,0.13011510547617616,False
337,AntiJo1_Avg,CIndU,-0.019240542090603746,0.22957607507157804,False
338,EosinophilsPercentage_Avg,AntiSSA_Avg,0.11094834765567918,3.68271753547627e-12,False
339,EosinophilsPercentage_Avg,MeanCorpuscularVolume_Avg,-0.18108789319761237,4.126732218724896e-30,False
340,EosinophilsPercentage_Avg,SMRNP_Avg,0.01642017706594129,0.3052161685400548,False
341,EosinophilsPercentage_Avg,PlateletDistributionWidth_Avg,-0.10529177426446257,4.323756561469181e-11,False
342,EosinophilsPercentage_Avg,WhiteBloodCellCount_Avg,-0.29784158291770857,9.59905335491885e-81,False
343,EosinophilsPercentage_Avg,MeanPlateletVolume_Avg,-0.0097432276736219,0.5429475473603814,False
344,EosinophilsPercentage_Avg,Nucleosome_Avg,0.1838481142420402,5.3323451917006135e-31,False
345,EosinophilsPercentage_Avg,EosinophilCountAbsolute_Avg,0.6352645356427101,0.0,False
346,EosinophilsPercentage_Avg,Hemoglobin_Avg,-0.10146162632531124,2.1328943470655704e-10,False
347,EosinophilsPercentage_Avg,NeutrophilsPercentage_Avg,-0.6062757322686342,0.0,False
348,EosinophilsPercentage_Avg,BasophilsPercentage_Avg,0.4236078112803725,1.0799040821950074e-169,False
349,EosinophilsPercentage_Avg,LymphocytesPercentage_Avg,0.49312391885801166,3.304101678289761e-238,False
350,EosinophilsPercentage_Avg,AntiJo1_Avg,-0.011320527646742943,0.4796575809223418,False
351,EosinophilsPercentage_Avg,AbsoluteLymphocyteCount_Avg,0.22561944253890417,3.2886144336732835e-46,False
352,EosinophilsPercentage_Avg,AbsoluteEosinophilCount_Avg,0.8883538118847912,0.0,True
353,EosinophilsPercentage_Avg,MeanCorpuscularHemoglobinConcentration_Avg,0.12131447498831645,2.899618744503503e-14,False
354,EosinophilsPercentage_Avg,ImmunoglobulinE_Avg,0.017164092349842022,0.2838233418737761,False
355,EosinophilsPercentage_Avg,MonocytesPercentage_Avg,0.1874226310608545,3.58888378021258e-32,False
356,EosinophilsPercentage_Avg,CReactiveProtein_Avg,-0.2790138128627179,1.099890169105165e-70,False
357,EosinophilsPercentage_Avg,Ro52_Avg,0.027146837291286578,0.09001742299562107,False
358,EosinophilsPercentage_Avg,PlateletCount_Avg,0.02751101037674875,0.08578625817791402,False
359,EosinophilsPercentage_Avg,RibosomalPProtein_Avg,0.10678187002230101,2.2877819552110806e-11,False
360,EosinophilsPercentage_Avg,MeanCorpuscularHemoglobin_Avg,-0.14229605523483918,4.2542220490149163e-19,False
361,EosinophilsPercentage_Avg,Gender,0.15004623332440503,4.427153389190542e-21,False
362,EosinophilsPercentage_Avg,FirstVisitAge,-0.19468566050143782,1.2587023459963046e-34,False
363,EosinophilsPercentage_Avg,CIndU,0.08507269350028242,1.0296315930902539e-07,False
364,AbsoluteLymphocyteCount_Avg,AntiSSA_Avg,0.20010881528343202,1.5918810456932848e-36,False
365,AbsoluteLymphocyteCount_Avg,MeanCorpuscularVolume_Avg,-0.5096645119545937,5.533553775445803e-257,False
366,AbsoluteLymphocyteCount_Avg,SMRNP_Avg,-0.03645514212985179,0.022789697606715845,False
367,AbsoluteLymphocyteCount_Avg,PlateletDistributionWidth_Avg,-0.45633817402146,5.62371506995611e-200,False
368,AbsoluteLymphocyteCount_Avg,WhiteBloodCellCount_Avg,0.04426330308803533,0.00569112923337146,False
369,AbsoluteLymphocyteCount_Avg,MeanPlateletVolume_Avg,0.2832878118066498,6.689330958609785e-73,False
370,AbsoluteLymphocyteCount_Avg,Nucleosome_Avg,0.4206563194415515,4.014369601895713e-167,False
371,AbsoluteLymphocyteCount_Avg,EosinophilCountAbsolute_Avg,0.35364020920393296,2.7694087013271948e-115,False
372,AbsoluteLymphocyteCount_Avg,Hemoglobin_Avg,-0.29518437556365373,2.8110166091956044e-79,False
373,AbsoluteLymphocyteCount_Avg,NeutrophilsPercentage_Avg,-0.5684838284973643,0.0,False
374,AbsoluteLymphocyteCount_Avg,BasophilsPercentage_Avg,-0.07479559468922815,2.9161833488981555e-06,False
375,AbsoluteLymphocyteCount_Avg,LymphocytesPercentage_Avg,0.6103473590267877,0.0,False
376,AbsoluteLymphocyteCount_Avg,AntiJo1_Avg,0.027312527518874825,0.08807197319060883,False
377,AbsoluteLymphocyteCount_Avg,EosinophilsPercentage_Avg,0.22561944253890417,3.2886144336732835e-46,False
378,AbsoluteLymphocyteCount_Avg,AbsoluteEosinophilCount_Avg,0.310680641461035,4.720404880521602e-88,False
379,AbsoluteLymphocyteCount_Avg,MeanCorpuscularHemoglobinConcentration_Avg,0.05579358703076269,0.0004896525828778493,False
380,AbsoluteLymphocyteCount_Avg,ImmunoglobulinE_Avg,0.13870469916746944,3.2455148906725473e-18,False
381,AbsoluteLymphocyteCount_Avg,MonocytesPercentage_Avg,-0.10952695977082653,6.920599271880682e-12,False
382,AbsoluteLymphocyteCount_Avg,CReactiveProtein_Avg,-0.11432508200616465,7.967240002895301e-13,False
383,AbsoluteLymphocyteCount_Avg,Ro52_Avg,0.007450779114835949,0.6417753671638822,False
384,AbsoluteLymphocyteCount_Avg,PlateletCount_Avg,0.24691190101274743,2.8502700327652863e-55,False
385,AbsoluteLymphocyteCount_Avg,RibosomalPProtein_Avg,0.09746581888698051,1.0600506212530636e-09,False
386,AbsoluteLymphocyteCount_Avg,MeanCorpuscularHemoglobin_Avg,-0.5110349167617878,1.3818857824375688e-258,False
387,AbsoluteLymphocyteCount_Avg,Gender,0.22287904110084286,4.149227090589931e-45,False
388,AbsoluteLymphocyteCount_Avg,FirstVisitAge,-0.7439409307717885,0.0,False
389,AbsoluteLymphocyteCount_Avg,CIndU,-0.02126024083705661,0.18431150453353123,False
390,AbsoluteEosinophilCount_Avg,AntiSSA_Avg,0.1141372521688245,8.685773054301826e-13,False
391,AbsoluteEosinophilCount_Avg,MeanCorpuscularVolume_Avg,-0.22178676270741304,1.1289747279396567e-44,False
392,AbsoluteEosinophilCount_Avg,SMRNP_Avg,0.010029103777261924,0.5311754888155578,False
393,AbsoluteEosinophilCount_Avg,PlateletDistributionWidth_Avg,-0.1631451748176717,1.1210698599137606e-24,False
394,AbsoluteEosinophilCount_Avg,WhiteBloodCellCount_Avg,-0.12403298222464389,7.580333699384132e-15,False
395,AbsoluteEosinophilCount_Avg,MeanPlateletVolume_Avg,0.06999141816010829,1.2116084057841842e-05,False
396,AbsoluteEosinophilCount_Avg,Nucleosome_Avg,0.21015421238215107,3.453220256986956e-40,False
397,AbsoluteEosinophilCount_Avg,EosinophilCountAbsolute_Avg,0.6903092364621896,0.0,False
398,AbsoluteEosinophilCount_Avg,Hemoglobin_Avg,-0.09799148014525913,8.615370080747199e-10,False
399,AbsoluteEosinophilCount_Avg,NeutrophilsPercentage_Avg,-0.5177604222780675,1.4743984294642291e-266,False
400,AbsoluteEosinophilCount_Avg,BasophilsPercentage_Avg,0.3220341669482982,7.939642383084462e-95,False
401,AbsoluteEosinophilCount_Avg,LymphocytesPercentage_Avg,0.42258791513284494,8.40319876081356e-169,False
402,AbsoluteEosinophilCount_Avg,AntiJo1_Avg,0.0009847786828049044,0.9509708924790254,False
403,AbsoluteEosinophilCount_Avg,EosinophilsPercentage_Avg,0.8883538118847912,0.0,True
404,AbsoluteEosinophilCount_Avg,AbsoluteLymphocyteCount_Avg,0.310680641461035,4.720404880521602e-88,False
405,AbsoluteEosinophilCount_Avg,MeanCorpuscularHemoglobinConcentration_Avg,0.08922988205072929,2.3712560406620152e-08,False
406,AbsoluteEosinophilCount_Avg,ImmunoglobulinE_Avg,0.03820958305842086,0.01700496977992529,False
407,AbsoluteEosinophilCount_Avg,MonocytesPercentage_Avg,0.10816927843560448,1.2548400382719877e-11,False
408,AbsoluteEosinophilCount_Avg,CReactiveProtein_Avg,-0.22579700245751802,2.7872080367747218e-46,False
409,AbsoluteEosinophilCount_Avg,Ro52_Avg,0.030343908075605528,0.05808599637219387,False
410,AbsoluteEosinophilCount_Avg,PlateletCount_Avg,0.11341753032201836,1.2076387735607152e-12,False
411,AbsoluteEosinophilCount_Avg,RibosomalPProtein_Avg,0.11883375357175466,9.611407661534693e-14,False
412,AbsoluteEosinophilCount_Avg,MeanCorpuscularHemoglobin_Avg,-0.1956950446141431,5.634715804650645e-35,False
413,AbsoluteEosinophilCount_Avg,Gender,0.17988137086688588,9.991148673027699e-30,False
414,AbsoluteEosinophilCount_Avg,FirstVisitAge,-0.2607799947595529,1.1463902316866272e-61,False
415,AbsoluteEosinophilCount_Avg,CIndU,0.06391787093936667,6.469769112763343e-05,False
416,MeanCorpuscularHemoglobinConcentration_Avg,AntiSSA_Avg,0.04901855960603553,0.002195255979224594,False
417,MeanCorpuscularHemoglobinConcentration_Avg,MeanCorpuscularVolume_Avg,-0.14896022683549723,8.519719448636508e-21,False
418,MeanCorpuscularHemoglobinConcentration_Avg,SMRNP_Avg,-0.0015358263212839401,0.923604812730735,False
419,MeanCorpuscularHemoglobinConcentration_Avg,PlateletDistributionWidth_Avg,-0.081950838398102,2.9680173383166565e-07,False
420,MeanCorpuscularHemoglobinConcentration_Avg,WhiteBloodCellCount_Avg,-0.06519748982973556,4.598767840075894e-05,False
421,MeanCorpuscularHemoglobinConcentration_Avg,MeanPlateletVolume_Avg,-0.06579031915551488,3.917885349233107e-05,False
422,MeanCorpuscularHemoglobinConcentration_Avg,Nucleosome_Avg,0.09320020951607501,5.479030466334152e-09,False
423,MeanCorpuscularHemoglobinConcentration_Avg,EosinophilCountAbsolute_Avg,0.08499725375268001,1.0567820948480062e-07,False
424,MeanCorpuscularHemoglobinConcentration_Avg,Hemoglobin_Avg,0.08310021126007029,2.0187796492824282e-07,False
425,MeanCorpuscularHemoglobinConcentration_Avg,NeutrophilsPercentage_Avg,-0.13392081195751232,4.4798462285978217e-17,False
426,MeanCorpuscularHemoglobinConcentration_Avg,BasophilsPercentage_Avg,0.057924833438325475,0.00029488966853005705,False
427,MeanCorpuscularHemoglobinConcentration_Avg,LymphocytesPercentage_Avg,0.12447629067997801,6.073665453401624e-15,False
428,MeanCorpuscularHemoglobinConcentration_Avg,AntiJo1_Avg,-0.014942343513219278,0.350808778631837,False
429,MeanCorpuscularHemoglobinConcentration_Avg,EosinophilsPercentage_Avg,0.12131447498831645,2.899618744503503e-14,False
430,MeanCorpuscularHemoglobinConcentration_Avg,AbsoluteLymphocyteCount_Avg,0.05579358703076269,0.0004896525828778493,False
431,MeanCorpuscularHemoglobinConcentration_Avg,AbsoluteEosinophilCount_Avg,0.08922988205072929,2.3712560406620152e-08,False
432,MeanCorpuscularHemoglobinConcentration_Avg,ImmunoglobulinE_Avg,0.04577339105410174,0.004243143033990998,False
433,MeanCorpuscularHemoglobinConcentration_Avg,MonocytesPercentage_Avg,0.008738874107889793,0.5853079414716074,False
434,MeanCorpuscularHemoglobinConcentration_Avg,CReactiveProtein_Avg,0.03553653809647919,0.026450669206012203,False
435,MeanCorpuscularHemoglobinConcentration_Avg,Ro52_Avg,0.07420801439903825,3.487536047006894e-06,False
436,MeanCorpuscularHemoglobinConcentration_Avg,PlateletCount_Avg,-0.035337991440034994,0.027305554948075208,False
437,MeanCorpuscularHemoglobinConcentration_Avg,RibosomalPProtein_Avg,0.02175436390589118,0.17431806527693058,False
438,MeanCorpuscularHemoglobinConcentration_Avg,MeanCorpuscularHemoglobin_Avg,0.1720173130319344,2.7328146551031835e-27,False
439,MeanCorpuscularHemoglobinConcentration_Avg,Gender,0.17886512538553928,2.0939647892612703e-29,False
440,MeanCorpuscularHemoglobinConcentration_Avg,FirstVisitAge,-0.07884691181617907,8.192770262648833e-07,False
441,MeanCorpuscularHemoglobinConcentration_Avg,CIndU,0.0279252518927071,0.08117023309488754,False
442,ImmunoglobulinE_Avg,AntiSSA_Avg,0.151529365709843,1.7965678156363302e-21,False
443,ImmunoglobulinE_Avg,MeanCorpuscularVolume_Avg,-0.11253555830860851,1.8034744845286917e-12,False
444,ImmunoglobulinE_Avg,SMRNP_Avg,-0.01988697369154355,0.21430111600655952,False
445,ImmunoglobulinE_Avg,PlateletDistributionWidth_Avg,-0.09785231555091016,9.102495309649407e-10,False
446,ImmunoglobulinE_Avg,WhiteBloodCellCount_Avg,0.11560336340286394,4.4103566189220893e-13,False
447,ImmunoglobulinE_Avg,MeanPlateletVolume_Avg,0.10041194296292584,3.2699321319996687e-10,False
448,ImmunoglobulinE_Avg,Nucleosome_Avg,-0.09134898963391672,1.093185866554245e-08,False
449,ImmunoglobulinE_Avg,EosinophilCountAbsolute_Avg,0.05269510825389921,0.0009931393991311755,False
450,ImmunoglobulinE_Avg,Hemoglobin_Avg,0.059029630858423394,0.00022521940697188176,False
451,ImmunoglobulinE_Avg,NeutrophilsPercentage_Avg,0.02501100179296775,0.11831614895898926,False
452,ImmunoglobulinE_Avg,BasophilsPercentage_Avg,-0.045824225603540866,0.004200807351978194,False
453,ImmunoglobulinE_Avg,LymphocytesPercentage_Avg,-0.022196136716159658,0.16573088804098288,False
454,ImmunoglobulinE_Avg,AntiJo1_Avg,0.03459365396380112,0.03072592982010898,False
455,ImmunoglobulinE_Avg,EosinophilsPercentage_Avg,0.017164092349842026,0.2838233418737759,False
456,ImmunoglobulinE_Avg,AbsoluteLymphocyteCount_Avg,0.13870469916746944,3.2455148906725473e-18,False
457,ImmunoglobulinE_Avg,AbsoluteEosinophilCount_Avg,0.03820958305842086,0.01700496977992529,False
458,ImmunoglobulinE_Avg,MeanCorpuscularHemoglobinConcentration_Avg,0.04577339105410174,0.004243143033990998,False
459,ImmunoglobulinE_Avg,MonocytesPercentage_Avg,0.038510513922295826,0.01615430662338091,False
460,ImmunoglobulinE_Avg,CReactiveProtein_Avg,0.013311352525302024,0.40587723574436796,False
461,ImmunoglobulinE_Avg,Ro52_Avg,0.019742599564470623,0.21764741593682876,False
462,ImmunoglobulinE_Avg,PlateletCount_Avg,0.07770309369756173,1.1799750611150095e-06,False
463,ImmunoglobulinE_Avg,RibosomalPProtein_Avg,0.22796081024109038,3.670025112262412e-47,False
464,ImmunoglobulinE_Avg,MeanCorpuscularHemoglobin_Avg,-0.11150866657831034,2.8655503281339452e-12,False
465,ImmunoglobulinE_Avg,Gender,0.0916211628772508,9.884442342538709e-09,False
466,ImmunoglobulinE_Avg,FirstVisitAge,-0.2379887009202926,2.306666050363684e-51,False
467,ImmunoglobulinE_Avg,CIndU,0.0023936724213943464,0.8811936213788023,False
468,MonocytesPercentage_Avg,AntiSSA_Avg,-0.09225598482457525,7.806216541584876e-09,False
469,MonocytesPercentage_Avg,MeanCorpuscularVolume_Avg,0.12184675311018996,2.2349819959961994e-14,False
470,MonocytesPercentage_Avg,SMRNP_Avg,0.047845133554331884,0.0027983279744278147,False
471,MonocytesPercentage_Avg,PlateletDistributionWidth_Avg,0.08610272584060079,7.200934796316488e-08,False
472,MonocytesPercentage_Avg,WhiteBloodCellCount_Avg,-0.09165996632365038,9.74329238449732e-09,False
473,MonocytesPercentage_Avg,MeanPlateletVolume_Avg,-0.11162899275338703,2.714804482919822e-12,False
474,MonocytesPercentage_Avg,Nucleosome_Avg,-0.10727730035019634,1.8478045483967744e-11,False
475,MonocytesPercentage_Avg,EosinophilCountAbsolute_Avg,0.0006545402692096706,0.9674009931164788,False
476,MonocytesPercentage_Avg,Hemoglobin_Avg,0.09763432739114683,9.91996495958062e-10,False
477,MonocytesPercentage_Avg,NeutrophilsPercentage_Avg,-0.12365079435603005,9.170255874507622e-15,False
478,MonocytesPercentage_Avg,BasophilsPercentage_Avg,0.17748416856412008,5.683112666513886e-29,False
479,MonocytesPercentage_Avg,LymphocytesPercentage_Avg,0.03408785660575878,0.0332546544985583,False
480,MonocytesPercentage_Avg,AntiJo1_Avg,-0.01937164286047197,0.22641723774863437,False
481,MonocytesPercentage_Avg,EosinophilsPercentage_Avg,0.18742263106085452,3.58888378021258e-32,False
482,MonocytesPercentage_Avg,AbsoluteLymphocyteCount_Avg,-0.10952695977082652,6.920599271880733e-12,False
483,MonocytesPercentage_Avg,AbsoluteEosinophilCount_Avg,0.10816927843560446,1.254840038271997e-11,False
484,MonocytesPercentage_Avg,MeanCorpuscularHemoglobinConcentration_Avg,0.008738874107889791,0.5853079414716077,False
485,MonocytesPercentage_Avg,ImmunoglobulinE_Avg,0.038510513922295826,0.01615430662338091,False
486,MonocytesPercentage_Avg,CReactiveProtein_Avg,-0.11709379513801994,2.1950126079549655e-13,False
487,MonocytesPercentage_Avg,Ro52_Avg,-0.08083587009830985,4.292595036715581e-07,False
488,MonocytesPercentage_Avg,PlateletCount_Avg,-0.08060415728776299,4.631938623546201e-07,False
489,MonocytesPercentage_Avg,RibosomalPProtein_Avg,0.10316746245425584,1.0553158506528863e-10,False
490,MonocytesPercentage_Avg,MeanCorpuscularHemoglobin_Avg,0.1313841840450316,1.735129843827441e-16,False
491,MonocytesPercentage_Avg,Gender,0.03788918122040657,0.017953620040202425,False
492,MonocytesPercentage_Avg,FirstVisitAge,0.16557270557867013,2.23340111341066e-25,False
493,MonocytesPercentage_Avg,CIndU,0.04328889841462265,0.006848174321777334,False
494,CReactiveProtein_Avg,AntiSSA_Avg,-0.06245583404098441,9.484038618254344e-05,False
495,CReactiveProtein_Avg,MeanCorpuscularVolume_Avg,0.01098364400687263,0.49282844243375623,False
496,CReactiveProtein_Avg,SMRNP_Avg,-0.03709104038013616,0.020520822226403265,False
497,CReactiveProtein_Avg,PlateletDistributionWidth_Avg,0.0362559133809837,0.02354398935717269,False
498,CReactiveProtein_Avg,WhiteBloodCellCount_Avg,0.10595458931722364,3.261105291742819e-11,False
499,CReactiveProtein_Avg,MeanPlateletVolume_Avg,0.07664992346308486,1.6437308044969483e-06,False
500,CReactiveProtein_Avg,Nucleosome_Avg,-0.07532121922760207,2.482095810184744e-06,False
501,CReactiveProtein_Avg,EosinophilCountAbsolute_Avg,-0.1845026423590551,3.266664954790047e-31,False
502,CReactiveProtein_Avg,Hemoglobin_Avg,-0.035168302979052185,0.028054970046315377,False
503,CReactiveProtein_Avg,NeutrophilsPercentage_Avg,0.31315632684013234,1.6673156106919893e-89,False
504,CReactiveProtein_Avg,BasophilsPercentage_Avg,-0.1872786608779325,4.0051934564044765e-32,False
505,CReactiveProtein_Avg,LymphocytesPercentage_Avg,-0.2865126283491995,1.3406857911689776e-74,False
506,CReactiveProtein_Avg,AntiJo1_Avg,0.012768829706687511,0.4252812912852597,False
507,CReactiveProtein_Avg,EosinophilsPercentage_Avg,-0.27901381286271787,1.0998901691051963e-70,False
508,CReactiveProtein_Avg,AbsoluteLymphocyteCount_Avg,-0.11432508200616465,7.967240002895301e-13,False
509,CReactiveProtein_Avg,AbsoluteEosinophilCount_Avg,-0.225797002457518,2.7872080367748015e-46,False
510,CReactiveProtein_Avg,MeanCorpuscularHemoglobinConcentration_Avg,0.03553653809647919,0.026450669206012203,False
511,CReactiveProtein_Avg,ImmunoglobulinE_Avg,0.013311352525302023,0.40587723574436785,False
512,CReactiveProtein_Avg,MonocytesPercentage_Avg,-0.11709379513801993,2.1950126079549814e-13,False
513,CReactiveProtein_Avg,Ro52_Avg,0.05654999559417531,0.00040979413610227734,False
514,CReactiveProtein_Avg,PlateletCount_Avg,-0.019822750294120537,0.21578507640725916,False
515,CReactiveProtein_Avg,RibosomalPProtein_Avg,-0.07665256083099381,1.6423756533824263e-06,False
516,CReactiveProtein_Avg,MeanCorpuscularHemoglobin_Avg,0.029670574983117395,0.06388545715354192,False
517,CReactiveProtein_Avg,Gender,0.014858933795906273,0.3535046460224075,False
518,CReactiveProtein_Avg,FirstVisitAge,0.11785721621167322,1.5301147476288774e-13,False
519,CReactiveProtein_Avg,CIndU,-0.04518455630678877,0.004762503621705023,False
520,Ro52_Avg,AntiSSA_Avg,0.38402797864573784,2.7070564995559567e-137,False
521,Ro52_Avg,MeanCorpuscularVolume_Avg,-0.040379344995712906,0.011661245838921495,False
522,Ro52_Avg,SMRNP_Avg,0.03816203805245149,0.017142903047867804,False
523,Ro52_Avg,PlateletDistributionWidth_Avg,-0.13338501887887777,5.976151016113229e-17,False
524,Ro52_Avg,WhiteBloodCellCount_Avg,-0.13880848474970678,3.0626888637039545e-18,False
525,Ro52_Avg,MeanPlateletVolume_Avg,0.0395290746808344,0.013546088053759568,False
526,Ro52_Avg,Nucleosome_Avg,0.34395226048557886,9.312338481075703e-109,False
527,Ro52_Avg,EosinophilCountAbsolute_Avg,0.0516625073589339,0.0012472105143720629,False
528,Ro52_Avg,Hemoglobin_Avg,-0.04507833089472021,0.004862098840763147,False
529,Ro52_Avg,NeutrophilsPercentage_Avg,-0.03835181056359609,0.01659814739564638,False
530,Ro52_Avg,BasophilsPercentage_Avg,-0.00014302498895796568,0.992874834025044,False
531,Ro52_Avg,LymphocytesPercentage_Avg,0.03984583788006612,0.012814564031045106,False
532,Ro52_Avg,AntiJo1_Avg,0.036803999616537686,0.021519380335622635,False
533,Ro52_Avg,EosinophilsPercentage_Avg,0.027146837291286578,0.09001742299562107,False
534,Ro52_Avg,AbsoluteLymphocyteCount_Avg,0.00745077911483595,0.6417753671638822,False
535,Ro52_Avg,AbsoluteEosinophilCount_Avg,0.030343908075605528,0.05808599637219387,False
536,Ro52_Avg,MeanCorpuscularHemoglobinConcentration_Avg,0.07420801439903825,3.487536047006894e-06,False
537,Ro52_Avg,ImmunoglobulinE_Avg,0.019742599564470623,0.21764741593682876,False
538,Ro52_Avg,MonocytesPercentage_Avg,-0.08083587009830984,4.292595036715613e-07,False
539,Ro52_Avg,CReactiveProtein_Avg,0.056549995594175305,0.00040979413610227816,False
540,Ro52_Avg,PlateletCount_Avg,-0.022303668224590685,0.16368965732016036,False
541,Ro52_Avg,RibosomalPProtein_Avg,0.08046653509022425,4.845578161510151e-07,False
542,Ro52_Avg,MeanCorpuscularHemoglobin_Avg,-0.031649353512125986,0.04808499463868903,False
543,Ro52_Avg,Gender,0.018885290286242827,0.23829293360629542,False
544,Ro52_Avg,FirstVisitAge,0.05959981356921756,0.00019562328029814065,False
545,Ro52_Avg,CIndU,-0.027438729150522978,0.08661303240762203,False
546,PlateletCount_Avg,AntiSSA_Avg,0.03358499763622407,0.035943080829637646,False
547,PlateletCount_Avg,MeanCorpuscularVolume_Avg,-0.239783255392546,3.889594510060129e-52,False
548,PlateletCount_Avg,SMRNP_Avg,0.01691628977457406,0.2908337519039899,False
549,PlateletCount_Avg,PlateletDistributionWidth_Avg,-0.2592570213094462,6.039982740937902e-61,False
550,PlateletCount_Avg,WhiteBloodCellCount_Avg,0.1501791207410828,4.0849930999854604e-21,False
551,PlateletCount_Avg,MeanPlateletVolume_Avg,-0.2998806395373067,7.017419346433222e-82,False
552,PlateletCount_Avg,Nucleosome_Avg,0.07999447977107407,5.652957275903818e-07,False
553,PlateletCount_Avg,EosinophilCountAbsolute_Avg,0.11891619875562386,9.239795648925108e-14,False
554,PlateletCount_Avg,Hemoglobin_Avg,-0.12347424321663249,1.001141000365773e-14,False
555,PlateletCount_Avg,NeutrophilsPercentage_Avg,-0.06780461351778348,2.2505768344857053e-05,False
556,PlateletCount_Avg,BasophilsPercentage_Avg,0.021030757275655395,0.1890943368246711,False
557,PlateletCount_Avg,LymphocytesPercentage_Avg,0.08489316235883168,1.0953839641153541e-07,False
558,PlateletCount_Avg,AntiJo1_Avg,0.015500794149621598,0.33309618362226223,False
559,PlateletCount_Avg,EosinophilsPercentage_Avg,0.027511010376748753,0.08578625817791398,False
560,PlateletCount_Avg,AbsoluteLymphocyteCount_Avg,0.24691190101274743,2.8502700327652863e-55,False
561,PlateletCount_Avg,AbsoluteEosinophilCount_Avg,0.11341753032201837,1.2076387735607023e-12,False
562,PlateletCount_Avg,MeanCorpuscularHemoglobinConcentration_Avg,-0.035337991440035,0.02730555494807517,False
563,PlateletCount_Avg,ImmunoglobulinE_Avg,0.07770309369756173,1.1799750611150095e-06,False
564,PlateletCount_Avg,MonocytesPercentage_Avg,-0.08060415728776299,4.631938623546201e-07,False
565,PlateletCount_Avg,CReactiveProtein_Avg,-0.019822750294120537,0.21578507640725916,False
566,PlateletCount_Avg,Ro52_Avg,-0.022303668224590685,0.16368965732016036,False
567,PlateletCount_Avg,RibosomalPProtein_Avg,0.08012727561749353,5.413585023858137e-07,False
568,PlateletCount_Avg,MeanCorpuscularHemoglobin_Avg,-0.2554563732169631,3.64045934970058e-59,False
569,PlateletCount_Avg,Gender,-0.0023956770253029946,0.8810948650915034,False
570,PlateletCount_Avg,FirstVisitAge,-0.23510067013612065,3.9227409569449946e-50,False
571,PlateletCount_Avg,CIndU,-0.012209557801074127,0.44584015398800647,False
572,RibosomalPProtein_Avg,AntiSSA_Avg,-0.02481934657753659,0.1211635181332019,False
573,RibosomalPProtein_Avg,MeanCorpuscularVolume_Avg,-0.12988018838905596,3.825196596535491e-16,False
574,RibosomalPProtein_Avg,SMRNP_Avg,0.06534715423495212,4.4169995134543444e-05,False
575,RibosomalPProtein_Avg,PlateletDistributionWidth_Avg,-0.08461081676893428,1.207084456110036e-07,False
576,RibosomalPProtein_Avg,WhiteBloodCellCount_Avg,0.012728992436488748,0.4267271524304056,False
577,RibosomalPProtein_Avg,MeanPlateletVolume_Avg,0.05572016555359494,0.0004981318090752136,False
578,RibosomalPProtein_Avg,Nucleosome_Avg,0.13093324416551091,2.2013401141645801e-16,False
579,RibosomalPProtein_Avg,EosinophilCountAbsolute_Avg,0.11455756151320948,7.158274422946385e-13,False
580,RibosomalPProtein_Avg,Hemoglobin_Avg,0.0035828340484383007,0.8229863875245136,False
581,RibosomalPProtein_Avg,NeutrophilsPercentage_Avg,-0.07519546854280851,2.5799200249953783e-06,False
582,RibosomalPProtein_Avg,BasophilsPercentage_Avg,0.004154437984086661,0.7953298766620192,False
583,RibosomalPProtein_Avg,LymphocytesPercentage_Avg,0.06903501887457883,1.5920205854245942e-05,False
584,RibosomalPProtein_Avg,AntiJo1_Avg,0.033349053402006,0.037267042295903156,False
585,RibosomalPProtein_Avg,EosinophilsPercentage_Avg,0.10678187002230101,2.2877819552110806e-11,False
586,RibosomalPProtein_Avg,AbsoluteLymphocyteCount_Avg,0.09746581888698051,1.0600506212530636e-09,False
587,RibosomalPProtein_Avg,AbsoluteEosinophilCount_Avg,0.11883375357175466,9.611407661534693e-14,False
588,RibosomalPProtein_Avg,MeanCorpuscularHemoglobinConcentration_Avg,0.021754363905891184,0.1743180652769305,False
589,RibosomalPProtein_Avg,ImmunoglobulinE_Avg,0.22796081024109036,3.6700251122624114e-47,False
590,RibosomalPProtein_Avg,MonocytesPercentage_Avg,0.10316746245425584,1.0553158506528863e-10,False
591,RibosomalPProtein_Avg,CReactiveProtein_Avg,-0.07665256083099381,1.6423756533824263e-06,False
592,RibosomalPProtein_Avg,Ro52_Avg,0.08046653509022425,4.845578161510151e-07,False
593,RibosomalPProtein_Avg,PlateletCount_Avg,0.08012727561749354,5.413585023858097e-07,False
594,RibosomalPProtein_Avg,MeanCorpuscularHemoglobin_Avg,-0.12794249156840673,1.0450023669779636e-15,False
595,RibosomalPProtein_Avg,Gender,0.060479416930342,0.00015703506033402264,False
596,RibosomalPProtein_Avg,FirstVisitAge,-0.13290058907842117,7.747220750157611e-17,False
597,RibosomalPProtein_Avg,CIndU,0.03176392625984489,0.047280861677783996,False
598,MeanCorpuscularHemoglobin_Avg,AntiSSA_Avg,-0.169362338856714,1.7125858841842735e-26,False
599,MeanCorpuscularHemoglobin_Avg,MeanCorpuscularVolume_Avg,0.9037810587442549,0.0,True
600,MeanCorpuscularHemoglobin_Avg,SMRNP_Avg,0.021265100099092844,0.18421120605616295,False
601,MeanCorpuscularHemoglobin_Avg,PlateletDistributionWidth_Avg,0.36163633316074834,7.585454926416738e-121,False
602,MeanCorpuscularHemoglobin_Avg,WhiteBloodCellCount_Avg,0.05366977348085056,0.0007981123088010795,False
603,MeanCorpuscularHemoglobin_Avg,MeanPlateletVolume_Avg,-0.2703902855846944,2.4756300482205984e-66,False
604,MeanCorpuscularHemoglobin_Avg,Nucleosome_Avg,-0.3737213491239243,1.4624089673747884e-129,False
605,MeanCorpuscularHemoglobin_Avg,EosinophilCountAbsolute_Avg,-0.27751825653296225,6.419604642813808e-70,False
606,MeanCorpuscularHemoglobin_Avg,Hemoglobin_Avg,0.4480902146844728,4.983524446165495e-192,False
607,MeanCorpuscularHemoglobin_Avg,NeutrophilsPercentage_Avg,0.323274311168614,1.3862640180061005e-95,False
608,MeanCorpuscularHemoglobin_Avg,BasophilsPercentage_Avg,0.09803735428676671,8.46043641274904e-10,False
609,MeanCorpuscularHemoglobin_Avg,LymphocytesPercentage_Avg,-0.34166196067155824,3.0092935108163344e-107,False
610,MeanCorpuscularHemoglobin_Avg,AntiJo1_Avg,-0.035092378155606084,0.02839598317327058,False
611,MeanCorpuscularHemoglobin_Avg,EosinophilsPercentage_Avg,-0.14229605523483918,4.2542220490149163e-19,False
612,MeanCorpuscularHemoglobin_Avg,AbsoluteLymphocyteCount_Avg,-0.5110349167617878,1.3818857824375688e-258,False
613,MeanCorpuscularHemoglobin_Avg,AbsoluteEosinophilCount_Avg,-0.1956950446141431,5.634715804650645e-35,False
614,MeanCorpuscularHemoglobin_Avg,MeanCorpuscularHemoglobinConcentration_Avg,0.1720173130319344,2.7328146551031835e-27,False
615,MeanCorpuscularHemoglobin_Avg,ImmunoglobulinE_Avg,-0.11150866657831034,2.8655503281339452e-12,False
616,MeanCorpuscularHemoglobin_Avg,MonocytesPercentage_Avg,0.1313841840450316,1.735129843827441e-16,False
617,MeanCorpuscularHemoglobin_Avg,CReactiveProtein_Avg,0.029670574983117395,0.06388545715354192,False
618,MeanCorpuscularHemoglobin_Avg,Ro52_Avg,-0.031649353512125986,0.04808499463868903,False
619,MeanCorpuscularHemoglobin_Avg,PlateletCount_Avg,-0.2554563732169631,3.64045934970058e-59,False
620,MeanCorpuscularHemoglobin_Avg,RibosomalPProtein_Avg,-0.12794249156840673,1.0450023669779636e-15,False
621,MeanCorpuscularHemoglobin_Avg,Gender,-0.14096722994381142,9.078381499582865e-19,False
622,MeanCorpuscularHemoglobin_Avg,FirstVisitAge,0.6209086061837515,0.0,False
623,MeanCorpuscularHemoglobin_Avg,CIndU,0.026735515729143886,0.09499660252544213,False
624,Gender,AntiSSA_Avg,0.07034872712902475,1.0931294068020263e-05,False
625,Gender,MeanCorpuscularVolume_Avg,-0.20290609324350253,1.5888471198677794e-37,False
626,Gender,SMRNP_Avg,0.000943734148821949,0.9530119593471578,False
627,Gender,PlateletDistributionWidth_Avg,-0.19420000610584945,1.8500342642382983e-34,False
628,Gender,WhiteBloodCellCount_Avg,-0.03592153708694233,0.02485867201719374,False
629,Gender,MeanPlateletVolume_Avg,0.09969608945391394,4.365282285258175e-10,False
630,Gender,Nucleosome_Avg,0.17566413179734527,2.092608880882545e-28,False
631,Gender,EosinophilCountAbsolute_Avg,0.1822841571303536,1.706843285815307e-30,False
632,Gender,Hemoglobin_Avg,-0.09245882829864883,7.236713831272431e-09,False
633,Gender,NeutrophilsPercentage_Avg,-0.15895799474128627,1.7100670333223512e-23,False
634,Gender,BasophilsPercentage_Avg,0.03190901141772847,0.04627882634711442,False
635,Gender,LymphocytesPercentage_Avg,0.14192778784817248,5.252489543907717e-19,False
636,Gender,AntiJo1_Avg,0.010821499823935023,0.49923605211366096,False
637,Gender,EosinophilsPercentage_Avg,0.15004623332440506,4.427153389190383e-21,False
638,Gender,AbsoluteLymphocyteCount_Avg,0.22287904110084286,4.149227090589931e-45,False
639,Gender,AbsoluteEosinophilCount_Avg,0.17988137086688588,9.991148673027699e-30,False
640,Gender,MeanCorpuscularHemoglobinConcentration_Avg,0.1788651253855393,2.0939647892612403e-29,False
641,Gender,ImmunoglobulinE_Avg,0.09162116287725079,9.884442342538782e-09,False
642,Gender,MonocytesPercentage_Avg,0.03788918122040656,0.01795362004020244,False
643,Gender,CReactiveProtein_Avg,0.014858933795906273,0.3535046460224075,False
644,Gender,Ro52_Avg,0.018885290286242824,0.23829293360629547,False
645,Gender,PlateletCount_Avg,-0.0023956770253029946,0.8810948650915034,False
646,Gender,RibosomalPProtein_Avg,0.060479416930342,0.00015703506033402264,False
647,Gender,MeanCorpuscularHemoglobin_Avg,-0.14096722994381142,9.078381499582865e-19,False
648,Gender,FirstVisitAge,-0.24593972854416682,7.735292364468459e-55,False
649,Gender,CIndU,0.0057964164349776194,0.7174121781317259,False
650,FirstVisitAge,AntiSSA_Avg,-0.25094784701896716,4.308178836656649e-57,False
651,FirstVisitAge,MeanCorpuscularVolume_Avg,0.6239054563224944,0.0,False
652,FirstVisitAge,SMRNP_Avg,0.029942549464834628,0.0614878115355919,False
653,FirstVisitAge,PlateletDistributionWidth_Avg,0.4734417525909176,3.5950800604633077e-217,False
654,FirstVisitAge,WhiteBloodCellCount_Avg,0.012239385625711852,0.44472959062597883,False
655,FirstVisitAge,MeanPlateletVolume_Avg,-0.31077155012937047,4.177426830352869e-88,False
656,FirstVisitAge,Nucleosome_Avg,-0.44001951101554543,1.8395465610524047e-184,False
657,FirstVisitAge,EosinophilCountAbsolute_Avg,-0.3700092842213771,7.619583374499517e-127,False
658,FirstVisitAge,Hemoglobin_Avg,0.3576262951145572,4.892813933239897e-118,False
659,FirstVisitAge,NeutrophilsPercentage_Avg,0.48551180081172396,6.5875141653463685e-230,False
660,FirstVisitAge,BasophilsPercentage_Avg,0.12024797129798263,4.86858154329809e-14,False
661,FirstVisitAge,LymphocytesPercentage_Avg,-0.5099316186784626,2.6991548876849484e-257,False
662,FirstVisitAge,AntiJo1_Avg,-0.024238869082735436,0.13011510547617616,False
663,FirstVisitAge,EosinophilsPercentage_Avg,-0.19468566050143782,1.2587023459963046e-34,False
664,FirstVisitAge,AbsoluteLymphocyteCount_Avg,-0.7439409307717885,0.0,False
665,FirstVisitAge,AbsoluteEosinophilCount_Avg,-0.2607799947595529,1.1463902316866272e-61,False
666,FirstVisitAge,MeanCorpuscularHemoglobinConcentration_Avg,-0.07884691181617907,8.192770262648833e-07,False
667,FirstVisitAge,ImmunoglobulinE_Avg,-0.2379887009202926,2.306666050363684e-51,False
668,FirstVisitAge,MonocytesPercentage_Avg,0.16557270557867013,2.23340111341066e-25,False
669,FirstVisitAge,CReactiveProtein_Avg,0.11785721621167322,1.5301147476288774e-13,False
670,FirstVisitAge,Ro52_Avg,0.05959981356921756,0.00019562328029814065,False
671,FirstVisitAge,PlateletCount_Avg,-0.23510067013612063,3.9227409569451066e-50,False
672,FirstVisitAge,RibosomalPProtein_Avg,-0.13290058907842117,7.747220750157611e-17,False
673,FirstVisitAge,MeanCorpuscularHemoglobin_Avg,0.6209086061837515,0.0,False
674,FirstVisitAge,Gender,-0.24593972854416682,7.735292364468459e-55,False
675,FirstVisitAge,CIndU,0.01451821717218679,0.36465233868358093,False
676,CIndU,AntiSSA_Avg,-0.014467695559145748,0.36632382107887884,False
677,CIndU,MeanCorpuscularVolume_Avg,0.01734073420664709,0.2788964766525674,False
678,CIndU,SMRNP_Avg,-0.0006861763344168157,0.9658263180596967,False
679,CIndU,PlateletDistributionWidth_Avg,0.04407072092239958,0.005904759178135309,False
680,CIndU,WhiteBloodCellCount_Avg,-0.018640251802835375,0.24443998217143026,False
681,CIndU,MeanPlateletVolume_Avg,-0.0409108361362276,0.010604774724827406,False
682,CIndU,Nucleosome_Avg,-0.018257233784747112,0.25426979586285847,False
683,CIndU,EosinophilCountAbsolute_Avg,0.03499864785849278,0.02882188719668598,False
684,CIndU,Hemoglobin_Avg,0.021427586514170677,0.18088059297505776,False
685,CIndU,NeutrophilsPercentage_Avg,-0.055495412849835134,0.0005249461382511458,False
686,CIndU,BasophilsPercentage_Avg,0.07850692230510382,9.135957756644505e-07,False
687,CIndU,LymphocytesPercentage_Avg,0.04348596049083424,0.00659841608235122,False
688,CIndU,AntiJo1_Avg,-0.019240542090603746,0.22957607507157804,False
689,CIndU,EosinophilsPercentage_Avg,0.08507269350028242,1.0296315930902539e-07,False
690,CIndU,AbsoluteLymphocyteCount_Avg,-0.021260240837056608,0.1843115045335313,False
691,CIndU,AbsoluteEosinophilCount_Avg,0.06391787093936668,6.469769112763313e-05,False
692,CIndU,MeanCorpuscularHemoglobinConcentration_Avg,0.027925251892707097,0.0811702330948876,False
693,CIndU,ImmunoglobulinE_Avg,0.0023936724213943464,0.8811936213788023,False
694,CIndU,MonocytesPercentage_Avg,0.043288898414622655,0.006848174321777322,False
695,CIndU,CReactiveProtein_Avg,-0.04518455630678877,0.004762503621705023,False
696,CIndU,Ro52_Avg,-0.02743872915052298,0.0866130324076219,False
697,CIndU,PlateletCount_Avg,-0.012209557801074127,0.44584015398800647,False
698,CIndU,RibosomalPProtein_Avg,0.03176392625984489,0.047280861677783996,False
699,CIndU,MeanCorpuscularHemoglobin_Avg,0.026735515729143886,0.09499660252544213,False
700,CIndU,Gender,0.0057964164349776194,0.7174121781317259,False
701,CIndU,FirstVisitAge,0.01451821717218679,0.36465233868358093,False
